[
  {
    "subject": "Computer",
    "level": "Intermediate (Grades 5–8)",
    "topics": "Hardware vs Software, Operating Systems, Internet, Email, File Types, Coding Basics",
    "question_number": 1,
    "question_text": "What is the full form of HTML?",
    "options": "",
    "correct_answer": "Hypertext"
  },
  {
    "subject": "Computer",
    "level": "Intermediate (Grades 5–8)",
    "topics": "Hardware vs Software, Operating Systems, Internet, Email, File Types, Coding Basics",
    "question_number": 2,
    "question_text": "What software is used to browse the internet?",
    "options": "",
    "correct_answer": "Browser"
  },
  {
    "subject": "Computer",
    "level": "Intermediate (Grades 5–8)",
    "topics": "Hardware vs Software, Operating Systems, Internet, Email, File Types, Coding Basics",
    "question_number": 3,
    "question_text": "What type of file is .docx?",
    "options": "",
    "correct_answer": "Word"
  },
  {
    "subject": "Computer",
    "level": "Intermediate (Grades 5–8)",
    "topics": "Hardware vs Software, Operating Systems, Internet, Email, File Types, Coding Basics",
    "question_number": 4,
    "question_text": "What does RAM stand for?",
    "options": "",
    "correct_answer": "Memory"
  },
  {
    "subject": "Computer",
    "level": "Intermediate (Grades 5–8)",
    "topics": "Hardware vs Software, Operating Systems, Internet, Email, File Types, Coding Basics",
    "question_number": 5,
    "question_text": "What system controls the whole computer?",
    "options": "",
    "correct_answer": "OS"
  },
  {
    "subject": "Computer",
    "level": "Intermediate (Grades 5–8)",
    "topics": "Hardware vs Software, Operating Systems, Internet, Email, File Types, Coding Basics",
    "question_number": 6,
    "question_text": "Which OS is developed by Microsoft?",
    "options": "",
    "correct_answer": "Windows"
  },
  {
    "subject": "Computer",
    "level": "Intermediate (Grades 5–8)",
    "topics": "Hardware vs Software, Operating Systems, Internet, Email, File Types, Coding Basics",
    "question_number": 7,
    "question_text": "What does HTTP stand for?",
    "options": "",
    "correct_answer": "Protocol"
  },
  {
    "subject": "Computer",
    "level": "Intermediate (Grades 5–8)",
    "topics": "Hardware vs Software, Operating Systems, Internet, Email, File Types, Coding Basics",
    "question_number": 8,
    "question_text": "What is the full form of Wi-Fi?",
    "options": "",
    "correct_answer": "Wireless"
  },
  {
    "subject": "Computer",
    "level": "Intermediate (Grades 5–8)",
    "topics": "Hardware vs Software, Operating Systems, Internet, Email, File Types, Coding Basics",
    "question_number": 9,
    "question_text": "What is a virus in computing?",
    "options": "",
    "correct_answer": "Malware"
  },
  {
    "subject": "Computer",
    "level": "Intermediate (Grades 5–8)",
    "topics": "Hardware vs Software, Operating Systems, Internet, Email, File Types, Coding Basics",
    "question_number": 10,
    "question_text": "What is used to send electronic messages?",
    "options": "",
    "correct_answer": "Email"
  },
  {
    "subject": "Computer",
    "level": "Intermediate (Grades 5–8)",
    "topics": "Hardware vs Software, Operating Systems, Internet, Email, File Types, Coding Basics",
    "question_number": 11,
    "question_text": "What is the full form of URL?",
    "options": "",
    "correct_answer": "Locator"
  },
  {
    "subject": "Computer",
    "level": "Intermediate (Grades 5–8)",
    "topics": "Hardware vs Software, Operating Systems, Internet, Email, File Types, Coding Basics",
    "question_number": 12,
    "question_text": "What language is used to make websites?",
    "options": "",
    "correct_answer": "HTML"
  },
  {
    "subject": "Computer",
    "level": "Intermediate (Grades 5–8)",
    "topics": "Hardware vs Software, Operating Systems, Internet, Email, File Types, Coding Basics",
    "question_number": 13,
    "question_text": "Which shortcut copies text?",
    "options": "",
    "correct_answer": "Ctrl+C"
  },
  {
    "subject": "Computer",
    "level": "Intermediate (Grades 5–8)",
    "topics": "Hardware vs Software, Operating Systems, Internet, Email, File Types, Coding Basics",
    "question_number": 14,
    "question_text": "What is cloud storage used for?",
    "options": "",
    "correct_answer": "Backup"
  },
  {
    "subject": "Computer",
    "level": "Intermediate (Grades 5–8)",
    "topics": "Hardware vs Software, Operating Systems, Internet, Email, File Types, Coding Basics",
    "question_number": 15,
    "question_text": "Which company made Android?",
    "options": "",
    "correct_answer": "Google"
  },
  {
    "subject": "Computer",
    "level": "Intermediate (Grades 5–8)",
    "topics": "Hardware vs Software, Operating Systems, Internet, Email, File Types, Coding Basics",
    "question_number": 16,
    "question_text": "Which language is used to write Python?",
    "options": "",
    "correct_answer": "Code"
  },
  {
    "subject": "Computer",
    "level": "Intermediate (Grades 5–8)",
    "topics": "Hardware vs Software, Operating Systems, Internet, Email, File Types, Coding Basics",
    "question_number": 17,
    "question_text": "What is the purpose of antivirus?",
    "options": "",
    "correct_answer": "Protection"
  },
  {
    "subject": "Computer",
    "level": "Intermediate (Grades 5–8)",
    "topics": "Hardware vs Software, Operating Systems, Internet, Email, File Types, Coding Basics",
    "question_number": 18,
    "question_text": "What is the full form of PDF?",
    "options": "",
    "correct_answer": "Portable"
  },
  {
    "subject": "Computer",
    "level": "Intermediate (Grades 5–8)",
    "topics": "Hardware vs Software, Operating Systems, Internet, Email, File Types, Coding Basics",
    "question_number": 19,
    "question_text": "What does GUI stand for?",
    "options": "",
    "correct_answer": "Interface"
  },
  {
    "subject": "Computer",
    "level": "Intermediate (Grades 5–8)",
    "topics": "Hardware vs Software, Operating Systems, Internet, Email, File Types, Coding Basics",
    "question_number": 20,
    "question_text": "What kind of software is MS Word?",
    "options": "",
    "correct_answer": "Application"
  },
  {
    "subject": "Computer",
    "level": "Intermediate (Grades 5–8)",
    "topics": "Hardware vs Software, Operating Systems, Internet, Email, File Types, Coding Basics",
    "question_number": 21,
    "question_text": "What is an IP address used for?",
    "options": "",
    "correct_answer": "Identify"
  },
  {
    "subject": "Computer",
    "level": "Intermediate (Grades 5–8)",
    "topics": "Hardware vs Software, Operating Systems, Internet, Email, File Types, Coding Basics",
    "question_number": 22,
    "question_text": "What device connects to the internet?",
    "options": "",
    "correct_answer": "Router"
  },
  {
    "subject": "Computer",
    "level": "Intermediate (Grades 5–8)",
    "topics": "Hardware vs Software, Operating Systems, Internet, Email, File Types, Coding Basics",
    "question_number": 23,
    "question_text": "What is Linux?",
    "options": "",
    "correct_answer": "OS"
  },
  {
    "subject": "Computer",
    "level": "Intermediate (Grades 5–8)",
    "topics": "Hardware vs Software, Operating Systems, Internet, Email, File Types, Coding Basics",
    "question_number": 24,
    "question_text": "What is the full form of BIOS?",
    "options": "",
    "correct_answer": "System"
  },
  {
    "subject": "Computer",
    "level": "Intermediate (Grades 5–8)",
    "topics": "Hardware vs Software, Operating Systems, Internet, Email, File Types, Coding Basics",
    "question_number": 25,
    "question_text": "Which folder stores deleted files?",
    "options": "",
    "correct_answer": "Recycle"
  }
]
