[
  {
    "subject": "Computer",
    "level": "Beginner (Grades 1–4)",
    "topics": "Basic Devices, Uses of Computers, Input/Output, Icons, Keyboard & Mouse",
    "question_number": 1,
    "question_text": "What device is used to type letters?",
    "options": "",
    "correct_answer": "Keyboard"
  },
  {
    "subject": "Computer",
    "level": "Beginner (Grades 1–4)",
    "topics": "Basic Devices, Uses of Computers, Input/Output, Icons, Keyboard & Mouse",
    "question_number": 2,
    "question_text": "What device shows what you type?",
    "options": "",
    "correct_answer": "Monitor"
  },
  {
    "subject": "Computer",
    "level": "Beginner (Grades 1–4)",
    "topics": "Basic Devices, Uses of Computers, Input/Output, Icons, Keyboard & Mouse",
    "question_number": 3,
    "question_text": "What is used to point on a computer?",
    "options": "",
    "correct_answer": "Mouse"
  },
  {
    "subject": "Computer",
    "level": "Beginner (Grades 1–4)",
    "topics": "Basic Devices, Uses of Computers, Input/Output, Icons, Keyboard & Mouse",
    "question_number": 4,
    "question_text": "Which button turns on the computer?",
    "options": "",
    "correct_answer": "Power"
  },
  {
    "subject": "Computer",
    "level": "Beginner (Grades 1–4)",
    "topics": "Basic Devices, Uses of Computers, Input/Output, Icons, Keyboard & Mouse",
    "question_number": 5,
    "question_text": "What is the brain of a computer?",
    "options": "",
    "correct_answer": "CPU"
  },
  {
    "subject": "Computer",
    "level": "Beginner (Grades 1–4)",
    "topics": "Basic Devices, Uses of Computers, Input/Output, Icons, Keyboard & Mouse",
    "question_number": 6,
    "question_text": "What do we use to draw pictures on a computer?",
    "options": "",
    "correct_answer": "Paint"
  },
  {
    "subject": "Computer",
    "level": "Beginner (Grades 1–4)",
    "topics": "Basic Devices, Uses of Computers, Input/Output, Icons, Keyboard & Mouse",
    "question_number": 7,
    "question_text": "What key is used to delete?",
    "options": "",
    "correct_answer": "Backspace"
  },
  {
    "subject": "Computer",
    "level": "Beginner (Grades 1–4)",
    "topics": "Basic Devices, Uses of Computers, Input/Output, Icons, Keyboard & Mouse",
    "question_number": 8,
    "question_text": "What is the full form of CPU?",
    "options": "",
    "correct_answer": "Central"
  },
  {
    "subject": "Computer",
    "level": "Beginner (Grades 1–4)",
    "topics": "Basic Devices, Uses of Computers, Input/Output, Icons, Keyboard & Mouse",
    "question_number": 9,
    "question_text": "What does a printer give you?",
    "options": "",
    "correct_answer": "Paper"
  },
  {
    "subject": "Computer",
    "level": "Beginner (Grades 1–4)",
    "topics": "Basic Devices, Uses of Computers, Input/Output, Icons, Keyboard & Mouse",
    "question_number": 10,
    "question_text": "What do we call computers we can carry?",
    "options": "",
    "correct_answer": "Laptop"
  },
  {
    "subject": "Computer",
    "level": "Beginner (Grades 1–4)",
    "topics": "Basic Devices, Uses of Computers, Input/Output, Icons, Keyboard & Mouse",
    "question_number": 11,
    "question_text": "Which part of the computer shows videos?",
    "options": "",
    "correct_answer": "Monitor"
  },
  {
    "subject": "Computer",
    "level": "Beginner (Grades 1–4)",
    "topics": "Basic Devices, Uses of Computers, Input/Output, Icons, Keyboard & Mouse",
    "question_number": 12,
    "question_text": "What is the full form of USB?",
    "options": "",
    "correct_answer": "Universal"
  },
  {
    "subject": "Computer",
    "level": "Beginner (Grades 1–4)",
    "topics": "Basic Devices, Uses of Computers, Input/Output, Icons, Keyboard & Mouse",
    "question_number": 13,
    "question_text": "What is used to play music?",
    "options": "",
    "correct_answer": "Speaker"
  },
  {
    "subject": "Computer",
    "level": "Beginner (Grades 1–4)",
    "topics": "Basic Devices, Uses of Computers, Input/Output, Icons, Keyboard & Mouse",
    "question_number": 14,
    "question_text": "What is an icon?",
    "options": "",
    "correct_answer": "Picture"
  },
  {
    "subject": "Computer",
    "level": "Beginner (Grades 1–4)",
    "topics": "Basic Devices, Uses of Computers, Input/Output, Icons, Keyboard & Mouse",
    "question_number": 15,
    "question_text": "What is the screen you first see called?",
    "options": "",
    "correct_answer": "Desktop"
  },
  {
    "subject": "Computer",
    "level": "Beginner (Grades 1–4)",
    "topics": "Basic Devices, Uses of Computers, Input/Output, Icons, Keyboard & Mouse",
    "question_number": 16,
    "question_text": "What device captures photos?",
    "options": "",
    "correct_answer": "Webcam"
  },
  {
    "subject": "Computer",
    "level": "Beginner (Grades 1–4)",
    "topics": "Basic Devices, Uses of Computers, Input/Output, Icons, Keyboard & Mouse",
    "question_number": 17,
    "question_text": "What do you call text entered into the computer?",
    "options": "",
    "correct_answer": "Input"
  },
  {
    "subject": "Computer",
    "level": "Beginner (Grades 1–4)",
    "topics": "Basic Devices, Uses of Computers, Input/Output, Icons, Keyboard & Mouse",
    "question_number": 18,
    "question_text": "What comes out from speakers?",
    "options": "",
    "correct_answer": "Sound"
  },
  {
    "subject": "Computer",
    "level": "Beginner (Grades 1–4)",
    "topics": "Basic Devices, Uses of Computers, Input/Output, Icons, Keyboard & Mouse",
    "question_number": 19,
    "question_text": "Which device stores data?",
    "options": "",
    "correct_answer": "Harddisk"
  },
  {
    "subject": "Computer",
    "level": "Beginner (Grades 1–4)",
    "topics": "Basic Devices, Uses of Computers, Input/Output, Icons, Keyboard & Mouse",
    "question_number": 20,
    "question_text": "What is used to connect computers?",
    "options": "",
    "correct_answer": "Cable"
  },
  {
    "subject": "Computer",
    "level": "Beginner (Grades 1–4)",
    "topics": "Basic Devices, Uses of Computers, Input/Output, Icons, Keyboard & Mouse",
    "question_number": 21,
    "question_text": "What color is the Recycle Bin icon?",
    "options": "",
    "correct_answer": "Blue"
  },
  {
    "subject": "Computer",
    "level": "Beginner (Grades 1–4)",
    "topics": "Basic Devices, Uses of Computers, Input/Output, Icons, Keyboard & Mouse",
    "question_number": 22,
    "question_text": "What is used to clean junk files?",
    "options": "",
    "correct_answer": "Cleaner"
  },
  {
    "subject": "Computer",
    "level": "Beginner (Grades 1–4)",
    "topics": "Basic Devices, Uses of Computers, Input/Output, Icons, Keyboard & Mouse",
    "question_number": 23,
    "question_text": "Which key opens the start menu?",
    "options": "",
    "correct_answer": "Windows"
  },
  {
    "subject": "Computer",
    "level": "Beginner (Grades 1–4)",
    "topics": "Basic Devices, Uses of Computers, Input/Output, Icons, Keyboard & Mouse",
    "question_number": 24,
    "question_text": "What is used to play games?",
    "options": "",
    "correct_answer": "Joystick"
  },
  {
    "subject": "Computer",
    "level": "Beginner (Grades 1–4)",
    "topics": "Basic Devices, Uses of Computers, Input/Output, Icons, Keyboard & Mouse",
    "question_number": 25,
    "question_text": "What is used to save files?",
    "options": "",
    "correct_answer": "Save"
  }
]