[
  {
    "subject": "Computer",
    "level": "Advanced (Grades 9–College)",
    "topics": "Networking, Databases, Programming, Cybersecurity, OS Concepts, Web Technologies",
    "question_number": 1,
    "question_text": "What is the full form of SQL?",
    "options": "",
    "correct_answer": "Structured"
  },
  {
    "subject": "Computer",
    "level": "Advanced (Grades 9–College)",
    "topics": "Networking, Databases, Programming, Cybersecurity, OS Concepts, Web Technologies",
    "question_number": 2,
    "question_text": "What does CPU stand for?",
    "options": "",
    "correct_answer": "Processing"
  },
  {
    "subject": "Computer",
    "level": "Advanced (Grades 9–College)",
    "topics": "Networking, Databases, Programming, Cybersecurity, OS Concepts, Web Technologies",
    "question_number": 3,
    "question_text": "What type of network is the internet?",
    "options": "",
    "correct_answer": "WAN"
  },
  {
    "subject": "Computer",
    "level": "Advanced (Grades 9–College)",
    "topics": "Networking, Databases, Programming, Cybersecurity, OS Concepts, Web Technologies",
    "question_number": 4,
    "question_text": "What is the main language of Android development?",
    "options": "",
    "correct_answer": "Java"
  },
  {
    "subject": "Computer",
    "level": "Advanced (Grades 9–College)",
    "topics": "Networking, Databases, Programming, Cybersecurity, OS Concepts, Web Technologies",
    "question_number": 5,
    "question_text": "What does DNS stand for?",
    "options": "",
    "correct_answer": "Domain"
  },
  {
    "subject": "Computer",
    "level": "Advanced (Grades 9–College)",
    "topics": "Networking, Databases, Programming, Cybersecurity, OS Concepts, Web Technologies",
    "question_number": 6,
    "question_text": "What is the full form of IP?",
    "options": "",
    "correct_answer": "Internet"
  },
  {
    "subject": "Computer",
    "level": "Advanced (Grades 9–College)",
    "topics": "Networking, Databases, Programming, Cybersecurity, OS Concepts, Web Technologies",
    "question_number": 7,
    "question_text": "What is the purpose of an algorithm?",
    "options": "",
    "correct_answer": "Solution"
  },
  {
    "subject": "Computer",
    "level": "Advanced (Grades 9–College)",
    "topics": "Networking, Databases, Programming, Cybersecurity, OS Concepts, Web Technologies",
    "question_number": 8,
    "question_text": "What does HTTP stand for?",
    "options": "",
    "correct_answer": "Hypertext"
  },
  {
    "subject": "Computer",
    "level": "Advanced (Grades 9–College)",
    "topics": "Networking, Databases, Programming, Cybersecurity, OS Concepts, Web Technologies",
    "question_number": 9,
    "question_text": "Which port is used for HTTPS?",
    "options": "",
    "correct_answer": "443"
  },
  {
    "subject": "Computer",
    "level": "Advanced (Grades 9–College)",
    "topics": "Networking, Databases, Programming, Cybersecurity, OS Concepts, Web Technologies",
    "question_number": 10,
    "question_text": "What kind of attack is phishing?",
    "options": "",
    "correct_answer": "Cyber"
  },
  {
    "subject": "Computer",
    "level": "Advanced (Grades 9–College)",
    "topics": "Networking, Databases, Programming, Cybersecurity, OS Concepts, Web Technologies",
    "question_number": 11,
    "question_text": "What is the command to insert data in SQL?",
    "options": "",
    "correct_answer": "INSERT"
  },
  {
    "subject": "Computer",
    "level": "Advanced (Grades 9–College)",
    "topics": "Networking, Databases, Programming, Cybersecurity, OS Concepts, Web Technologies",
    "question_number": 12,
    "question_text": "Which protocol sends emails?",
    "options": "",
    "correct_answer": "SMTP"
  },
  {
    "subject": "Computer",
    "level": "Advanced (Grades 9–College)",
    "topics": "Networking, Databases, Programming, Cybersecurity, OS Concepts, Web Technologies",
    "question_number": 13,
    "question_text": "What is a firewall used for?",
    "options": "",
    "correct_answer": "Security"
  },
  {
    "subject": "Computer",
    "level": "Advanced (Grades 9–College)",
    "topics": "Networking, Databases, Programming, Cybersecurity, OS Concepts, Web Technologies",
    "question_number": 14,
    "question_text": "What is a loop in programming?",
    "options": "",
    "correct_answer": "Repeat"
  },
  {
    "subject": "Computer",
    "level": "Advanced (Grades 9–College)",
    "topics": "Networking, Databases, Programming, Cybersecurity, OS Concepts, Web Technologies",
    "question_number": 15,
    "question_text": "What is the binary number system base?",
    "options": "",
    "correct_answer": "2"
  },
  {
    "subject": "Computer",
    "level": "Advanced (Grades 9–College)",
    "topics": "Networking, Databases, Programming, Cybersecurity, OS Concepts, Web Technologies",
    "question_number": 16,
    "question_text": "Which part stores the operating system?",
    "options": "",
    "correct_answer": "Harddisk"
  },
  {
    "subject": "Computer",
    "level": "Advanced (Grades 9–College)",
    "topics": "Networking, Databases, Programming, Cybersecurity, OS Concepts, Web Technologies",
    "question_number": 17,
    "question_text": "What does IDE stand for in programming?",
    "options": "",
    "correct_answer": "Environment"
  },
  {
    "subject": "Computer",
    "level": "Advanced (Grades 9–College)",
    "topics": "Networking, Databases, Programming, Cybersecurity, OS Concepts, Web Technologies",
    "question_number": 18,
    "question_text": "What does JSON stand for?",
    "options": "",
    "correct_answer": "JavaScript"
  },
  {
    "subject": "Computer",
    "level": "Advanced (Grades 9–College)",
    "topics": "Networking, Databases, Programming, Cybersecurity, OS Concepts, Web Technologies",
    "question_number": 19,
    "question_text": "What is the full form of CSS?",
    "options": "",
    "correct_answer": "Cascading"
  },
  {
    "subject": "Computer",
    "level": "Advanced (Grades 9–College)",
    "topics": "Networking, Databases, Programming, Cybersecurity, OS Concepts, Web Technologies",
    "question_number": 20,
    "question_text": "What is Git used for?",
    "options": "",
    "correct_answer": "Versioning"
  },
  {
    "subject": "Computer",
    "level": "Advanced (Grades 9–College)",
    "topics": "Networking, Databases, Programming, Cybersecurity, OS Concepts, Web Technologies",
    "question_number": 21,
    "question_text": "What does API stand for?",
    "options": "",
    "correct_answer": "Interface"
  },
  {
    "subject": "Computer",
    "level": "Advanced (Grades 9–College)",
    "topics": "Networking, Databases, Programming, Cybersecurity, OS Concepts, Web Technologies",
    "question_number": 22,
    "question_text": "What kind of database is MongoDB?",
    "options": "",
    "correct_answer": "NoSQL"
  },
  {