[
  {
    "Subject": "English",
    "Level": "Intermediate (Grades 5-8)",
    "Topics": "Tenses, Vocabulary, Paragraph Reading, Active/Passive Voice",
    "QuestionNumber": 1,
    "QuestionText": "Identify the tense: \"She had gone to the market.",
    "Options": "",
    "CorrectAnswer": "Past Perfect"
  },
  {
    "Subject": "English",
    "Level": "Intermediate (Grades 5-8)",
    "Topics": "Tenses, Vocabulary, Paragraph Reading, Active/Passive Voice",
    "QuestionNumber": 2,
    "QuestionText": "What is a synonym for \"beautiful\"?",
    "Options": "",
    "CorrectAnswer": "Pretty/Gorgeous/Attractive"
  },
  {
    "Subject": "English",
    "Level": "Intermediate (Grades 5-8)",
    "Topics": "Tenses, Vocabulary, Paragraph Reading, Active/Passive Voice",
    "QuestionNumber": 3,
    "QuestionText": "Change to passive voice: \"He writes a letter.",
    "Options": "",
    "CorrectAnswer": "A letter is written by him."
  },
  {
    "Subject": "English",
    "Level": "Intermediate (Grades 5-8)",
    "Topics": "Tenses, Vocabulary, Paragraph Reading, Active/Passive Voice",
    "QuestionNumber": 5,
    "QuestionText": "Choose the best transition word: \"First, *, finally.",
    "Options": "",
    "CorrectAnswer": "Then/Next/Second"
  },
  {
    "Subject": "English",
    "Level": "Intermediate (Grades 5-8)",
    "Topics": "Tenses, Vocabulary, Paragraph Reading, Active/Passive Voice",
    "QuestionNumber": 6,
    "QuestionText": "What is the correct form: \"She has *her homework.",
    "Options": "done/did",
    "CorrectAnswer": "done"
  },
  {
    "Subject": "English",
    "Level": "Intermediate (Grades 5-8)",
    "Topics": "Tenses, Vocabulary, Paragraph Reading, Active/Passive Voice",
    "QuestionNumber": 7,
    "QuestionText": "Pick the adverb: \"He quickly ran home.",
    "Options": "",
    "CorrectAnswer": "quickly"
  },
  {
    "Subject": "English",
    "Level": "Intermediate (Grades 5-8)",
    "Topics": "Tenses, Vocabulary, Paragraph Reading, Active/Passive Voice",
    "QuestionNumber": 9,
    "QuestionText": "Identify the clause: \"Although she was late, she completed the test.",
    "Options": "",
    "CorrectAnswer": "Although she was late"
  },
  {
    "Subject": "English",
    "Level": "Intermediate (Grades 5-8)",
    "Topics": "Tenses, Vocabulary, Paragraph Reading, Active/Passive Voice",
    "QuestionNumber": 10,
    "QuestionText": "Fill in the blank: \"The more you practice, the *you get.",
    "Options": "",
    "CorrectAnswer": "better"
  },
  {
    "Subject": "English",
    "Level": "Intermediate (Grades 5-8)",
    "Topics": "Tenses, Vocabulary, Paragraph Reading, Active/Passive Voice",
    "QuestionNumber": 11,
    "QuestionText": "What is a conjunction?",
    "Options": "",
    "CorrectAnswer": "A word that connects clauses or sentences"
  },
  {
    "Subject": "English",
    "Level": "Intermediate (Grades 5-8)",
    "Topics": "Tenses, Vocabulary, Paragraph Reading, Active/Passive Voice",
    "QuestionNumber": 12,
    "QuestionText": "Convert to reported speech: \"She said, 'I'm tired.'",
    "Options": "",
    "CorrectAnswer": "She said that she was tired."
  },
  {
    "Subject": "English",
    "Level": "Intermediate (Grades 5-8)",
    "Topics": "Tenses, Vocabulary, Paragraph Reading, Active/Passive Voice",
    "QuestionNumber": 13,
    "QuestionText": "Which word is a homophone?",
    "Options": "flower/flour",
    "CorrectAnswer": "flower/flour"
  },
  {
    "Subject": "English",
    "Level": "Intermediate (Grades 5-8)",
    "Topics": "Tenses, Vocabulary, Paragraph Reading, Active/Passive Voice",
    "QuestionNumber": 14,
    "QuestionText": "Complete the proverb: \"A stitch in time *.",
    "Options": "",
    "CorrectAnswer": "saves nine"
  },
  {
    "Subject": "English",
    "Level": "Intermediate (Grades 5-8)",
    "Topics": "Tenses, Vocabulary, Paragraph Reading, Active/Passive Voice",
    "QuestionNumber": 15,
    "QuestionText": "What does \"context\" mean in reading?",
    "Options": "",
    "CorrectAnswer": "The surrounding text that helps determine meaning"
  },
  {
    "Subject": "English",
    "Level": "Intermediate (Grades 5-8)",
    "Topics": "Tenses, Vocabulary, Paragraph Reading, Active/Passive Voice",
    "QuestionNumber": 18,
    "QuestionText": "What is the subject in this sentence: \"The birds fly high.",
    "Options": "",
    "CorrectAnswer": "birds"
  },
  {
    "Subject": "English",
    "Level": "Intermediate (Grades 5-8)",
    "Topics": "Tenses, Vocabulary, Paragraph Reading, Active/Passive Voice",
    "QuestionNumber": 19,
    "QuestionText": "Find the metaphor: \"He is a lion in battle.",
    "Options": "",
    "CorrectAnswer": "He is a lion in battle"
  },
  {
    "Subject": "English",
    "Level": "Intermediate (Grades 5-8)",
    "Topics": "Tenses, Vocabulary, Paragraph Reading, Active/Passive Voice",
    "QuestionNumber": 21,
    "QuestionText": "Define: Antonym",
    "Options": "",
    "CorrectAnswer": "A word that means the opposite of another word"
  },
  {
    "Subject": "English",
    "Level": "Intermediate (Grades 5-8)",
    "Topics": "Tenses, Vocabulary, Paragraph Reading, Active/Passive Voice",
    "QuestionNumber": 22,
    "QuestionText": "Choose the correct question tag: \"It's raining, ___?",
    "Options": "",
    "CorrectAnswer": "isn't it"
  },
  {
    "Subject": "English",
    "Level": "Intermediate (Grades 5-8)",
    "Topics": "Tenses, Vocabulary, Paragraph Reading, Active/Passive Voice",
    "QuestionNumber": 23,
    "QuestionText": "Find the error: \"She do not know the answer.",
    "Options": "",
    "CorrectAnswer": "She do not know the answer. Should be \"She does not know the answer."
  },
  {
    "Subject": "English",
    "Level": "Intermediate (Grades 5-8)",
    "Topics": "Tenses, Vocabulary, Paragraph Reading, Active/Passive Voice",
    "QuestionNumber": 24,
    "QuestionText": "Change \"I play\" to present perfect.",
    "Options": "",
    "CorrectAnswer": "I have played"
  }
]