[
  {
    "Subject": "English",
    "Level": "Advanced (Grades 9-College)",
    "Topics": "Essay Skills, Literary Devices, Advanced Grammar, Writing",
    "QuestionNumber": 1,
    "QuestionText": "What is the meaning of \"ambiguous\"?",
    "CorrectAnswer": "Having more than one possible meaning or interpretation",
    "": "",
    "__1": ""
  },
  {
    "Subject": "English",
    "Level": "Advanced (Grades 9-College)",
    "Topics": "Essay Skills, Literary Devices, Advanced Grammar, Writing",
    "QuestionNumber": 2,
    "QuestionText": "Define: oxymoron",
    "CorrectAnswer": "A figure of speech that combines contradictory terms",
    "": "",
    "__1": ""
  },
  {
    "Subject": "English",
    "Level": "Advanced (Grades 9-College)",
    "Topics": "Essay Skills, Literary Devices, Advanced Grammar, Writing",
    "QuestionNumber": 3,
    "QuestionText": "What is the function of a semicolon?",
    "CorrectAnswer": "To join two related independent clauses",
    "": "",
    "__1": ""
  },
  {
    "Subject": "English",
    "Level": "Advanced (Grades 9-College)",
    "Topics": "Essay Skills, Literary Devices, Advanced Grammar, Writing",
    "QuestionNumber": 4,
    "QuestionText": "Fix the misplaced modifier: \"Running quickly, the gate was closed.",
    "CorrectAnswer": "Running quickly, he closed the gate.",
    "": "",
    "__1": ""
  },
  {
    "Subject": "English",
    "Level": "Advanced (Grades 9-College)",
    "Topics": "Essay Skills, Literary Devices, Advanced Grammar, Writing",
    "QuestionNumber": 5,
    "QuestionText": "Define: personification",
    "CorrectAnswer": "Giving human characteristics to non-human objects or ideas",
    "": "",
    "__1": ""
  },
  {
    "Subject": "English",
    "Level": "Advanced (Grades 9-College)",
    "Topics": "Essay Skills, Literary Devices, Advanced Grammar, Writing",
    "QuestionNumber": 6,
    "QuestionText": "Change to formal tone: \"Kids these days are super lazy.",
    "CorrectAnswer": "Today's youth demonstrate a concerning lack of motivation.",
    "": "",
    "__1": ""
  },
  {
    "Subject": "English",
    "Level": "Advanced (Grades 9-College)",
    "Topics": "Essay Skills, Literary Devices, Advanced Grammar, Writing",
    "QuestionNumber": 7,
    "QuestionText": "What does the phrase \"bated breath\" mean?",
    "CorrectAnswer": "In a state of suspense or anticipation",
    "": "",
    "__1": ""
  },
  {
    "Subject": "English",
    "Level": "Advanced (Grades 9-College)",
    "Topics": "Essay Skills, Literary Devices, Advanced Grammar, Writing",
    "QuestionNumber": 8,
    "QuestionText": "What is a dangling participle?",
    "CorrectAnswer": "A participle or participial phrase that does not clearly refer to the noun it modifies",
    "": "",
    "__1": ""
  },
  {
    "Subject": "English",
    "Level": "Advanced (Grades 9-College)",
    "Topics": "Essay Skills, Literary Devices, Advanced Grammar, Writing",
    "QuestionNumber": 9,
    "QuestionText": "What does \"allusion\" mean in literature?",
    "CorrectAnswer": "An indirect reference to something (usually literary or historical)",
    "": "",
    "__1": ""
  },
  {
    "Subject": "English",
    "Level": "Advanced (Grades 9-College)",
    "Topics": "Essay Skills, Literary Devices, Advanced Grammar, Writing",
    "QuestionNumber": 10,
    "QuestionText": "Identify the rhetorical device: \"Ask not what your country can do for you...",
    "CorrectAnswer": "Antithesis",
    "": "",
    "__1": ""
  },
  {
    "Subject": "English",
    "Level": "Advanced (Grades 9-College)",
    "Topics": "Essay Skills, Literary Devices, Advanced Grammar, Writing",
    "QuestionNumber": 11,
    "QuestionText": "Correct the redundancy: \"Advance planning is necessary.",
    "CorrectAnswer": "Planning is necessary.",
    "": "",
    "__1": ""
  },
  {
    "Subject": "English",
    "Level": "Advanced (Grades 9-College)",
    "Topics": "Essay Skills, Literary Devices, Advanced Grammar, Writing",
    "QuestionNumber": 12,
    "QuestionText": "Define: subjunctive mood",
    "CorrectAnswer": "A verb mood that expresses wishes",
    "": "hypotheticals",
    "__1": "or suggestions"
  }
]