[
  {
    "Subject": "English",
    "Level": "Beginner (Grades 1-4)",
    "Topics": "Vocabulary, Basic Grammar, Sentence Structure, Comprehension",
    "QuestionNumber": 1,
    "QuestionText": "What is the plural of \"cat\"?",
    "Options": "",
    "CorrectAnswer": "cats"
  },
  {
    "Subject": "English",
    "Level": "Beginner (Grades 1-4)",
    "Topics": "Vocabulary, Basic Grammar, Sentence Structure, Comprehension",
    "QuestionNumber": 2,
    "QuestionText": "Choose the correct article: \"___ apple a day keeps the doctor away.",
    "Options": "An/A",
    "CorrectAnswer": "An"
  },
  {
    "Subject": "English",
    "Level": "Beginner (Grades 1-4)",
    "Topics": "Vocabulary, Basic Grammar, Sentence Structure, Comprehension",
    "QuestionNumber": 3,
    "QuestionText": "Which word rhymes with \"hat\"?",
    "Options": "",
    "CorrectAnswer": "bat"
  },
  {
    "Subject": "English",
    "Level": "Beginner (Grades 1-4)",
    "Topics": "Vocabulary, Basic Grammar, Sentence Structure, Comprehension",
    "QuestionNumber": 4,
    "QuestionText": "What is the opposite of \"hot\"?",
    "Options": "",
    "CorrectAnswer": "cold"
  },
  {
    "Subject": "English",
    "Level": "Beginner (Grades 1-4)",
    "Topics": "Vocabulary, Basic Grammar, Sentence Structure, Comprehension",
    "QuestionNumber": 5,
    "QuestionText": "Fill in the blank: \"I ___ to school.",
    "Options": "go/goes",
    "CorrectAnswer": "go"
  },
  {
    "Subject": "English",
    "Level": "Beginner (Grades 1-4)",
    "Topics": "Vocabulary, Basic Grammar, Sentence Structure, Comprehension",
    "QuestionNumber": 6,
    "QuestionText": "What is the noun in the sentence: \"The dog is barking.\"?",
    "Options": "",
    "CorrectAnswer": "dog"
  },
  {
    "Subject": "English",
    "Level": "Beginner (Grades 1-4)",
    "Topics": "Vocabulary, Basic Grammar, Sentence Structure, Comprehension",
    "QuestionNumber": 7,
    "QuestionText": "Circle the verb: \"She jumps high.",
    "Options": "",
    "CorrectAnswer": "jumps"
  },
  {
    "Subject": "English",
    "Level": "Beginner (Grades 1-4)",
    "Topics": "Vocabulary, Basic Grammar, Sentence Structure, Comprehension",
    "QuestionNumber": 8,
    "QuestionText": "What color is the sun?",
    "Options": "",
    "CorrectAnswer": "yellow"
  },
  {
    "Subject": "English",
    "Level": "Beginner (Grades 1-4)",
    "Topics": "Vocabulary, Basic Grammar, Sentence Structure, Comprehension",
    "QuestionNumber": 9,
    "QuestionText": "Which is a question word?",
    "Options": "who / and / that",
    "CorrectAnswer": "who"
  },
  {
    "Subject": "English",
    "Level": "Beginner (Grades 1-4)",
    "Topics": "Vocabulary, Basic Grammar, Sentence Structure, Comprehension",
    "QuestionNumber": 10,
    "QuestionText": "Complete the sentence: \"He is a ___ boy.",
    "Options": "good/goodly",
    "CorrectAnswer": "good"
  },
  {
    "Subject": "English",
    "Level": "Beginner (Grades 1-4)",
    "Topics": "Vocabulary, Basic Grammar, Sentence Structure, Comprehension",
    "QuestionNumber": 11,
    "QuestionText": "Rearrange: \"is This book my.",
    "Options": "",
    "CorrectAnswer": "This is my book."
  },
  {
    "Subject": "English",
    "Level": "Beginner (Grades 1-4)",
    "Topics": "Vocabulary, Basic Grammar, Sentence Structure, Comprehension",
    "QuestionNumber": 12,
    "QuestionText": "Choose the correct tense: \"She ___ a song yesterday.",
    "Options": "sings/sang",
    "CorrectAnswer": "sang"
  },
  {
    "Subject": "English",
    "Level": "Beginner (Grades 1-4)",
    "Topics": "Vocabulary, Basic Grammar, Sentence Structure, Comprehension",
    "QuestionNumber": 13,
    "QuestionText": "Which sentence is correct?",
    "Options": "(a) I am happy. (b) Happy I am.",
    "CorrectAnswer": "(a) I am happy."
  },
  {
    "Subject": "English",
    "Level": "Beginner (Grades 1-4)",
    "Topics": "Vocabulary, Basic Grammar, Sentence Structure, Comprehension",
    "QuestionNumber": 14,
    "QuestionText": "Choose the pronoun: \"Sara is kind. ___ helps everyone.",
    "Options": "She/Her",
    "CorrectAnswer": "She"
  },
  {
    "Subject": "English",
    "Level": "Beginner (Grades 1-4)",
    "Topics": "Vocabulary, Basic Grammar, Sentence Structure, Comprehension",
    "QuestionNumber": 15,
    "QuestionText": "Fill in: \"They ___ playing.",
    "Options": "is/are",
    "CorrectAnswer": "are"
  },
  {
    "Subject": "English",
    "Level": "Beginner (Grades 1-4)",
    "Topics": "Vocabulary, Basic Grammar, Sentence Structure, Comprehension",
    "QuestionNumber": 16,
    "QuestionText": "Which is a name of a place?",
    "Options": "Tree, Market, Blue",
    "CorrectAnswer": "Market"
  },
  {
    "Subject": "English",
    "Level": "Beginner (Grades 1-4)",
    "Topics": "Vocabulary, Basic Grammar, Sentence Structure, Comprehension",
    "QuestionNumber": 17,
    "QuestionText": "What does \"tiny\" mean?",
    "Options": "Big / Small / Tall",
    "CorrectAnswer": "Small"
  },
  {
    "Subject": "English",
    "Level": "Beginner (Grades 1-4)",
    "Topics": "Vocabulary, Basic Grammar, Sentence Structure, Comprehension",
    "QuestionNumber": 18,
    "QuestionText": "Correct this: \"He don't like pizza.",
    "Options": "",
    "CorrectAnswer": "He doesn't like pizza."
  },
  {
    "Subject": "English",
    "Level": "Beginner (Grades 1-4)",
    "Topics": "Vocabulary, Basic Grammar, Sentence Structure, Comprehension",
    "QuestionNumber": 19,
    "QuestionText": "Choose the correct spelling:",
    "Options": "frend/friend",
    "CorrectAnswer": "friend"
  },
  {
    "Subject": "English",
    "Level": "Beginner (Grades 1-4)",
    "Topics": "Vocabulary, Basic Grammar, Sentence Structure, Comprehension",
    "QuestionNumber": 20,
    "QuestionText": "Find the adjective: \"The tall man ran fast.",
    "Options": "",
    "CorrectAnswer": "tall"
  },
  {
    "Subject": "English",
    "Level": "Beginner (Grades 1-4)",
    "Topics": "Vocabulary, Basic Grammar, Sentence Structure, Comprehension",
    "QuestionNumber": 21,
    "QuestionText": "What is the opposite of \"early\"?",
    "Options": "",
    "CorrectAnswer": "late"
  },
  {
    "Subject": "English",
    "Level": "Beginner (Grades 1-4)",
    "Topics": "Vocabulary, Basic Grammar, Sentence Structure, Comprehension",
    "QuestionNumber": 22,
    "QuestionText": "Choose the right option: \"We ___ happy.",
    "Options": "are/is",
    "CorrectAnswer": "are"
  },
  {
    "Subject": "English",
    "Level": "Beginner (Grades 1-4)",
    "Topics": "Vocabulary, Basic Grammar, Structure, Comprehension",
    "QuestionNumber": 23,
    "QuestionText": "What is the correct order: \"The cat black is sleeping\"?",
    "Options": "",
    "CorrectAnswer": "The black cat is sleeping."
  },
  {
    "Subject": "English",
    "Level": "Beginner (Grades 1-4)",
    "Topics": "Vocabulary, Basic Grammar, Structure, Comprehension",
    "QuestionNumber": 24,
    "QuestionText": "Choose the correct option: \"I have ___ apple.",
    "Options": "an/a",
    "CorrectAnswer": "an"
  }
]