[
  {
    "Subject": "Geography",
    "Level": "Intermediate (Grades 5–8)",
    "Topics": "Maps, Climate, Natural Resources, Indian States, Continents, Rivers, Mountains",
    "QuestionNumber": 1,
    "QuestionText": "Which line divides Earth into two halves?",
    "CorrectAnswer": "Equator"
  },
  {
    "Subject": "Geography",
    "Level": "Intermediate (Grades 5–8)",
    "Topics": "Maps, Climate, Natural Resources, Indian States, Continents, Rivers, Mountains",
    "QuestionNumber": 2,
    "QuestionText": "Name the longest river in the world.",
    "CorrectAnswer": "Nile"
  },
  {
    "Subject": "Geography",
    "Level": "Intermediate (Grades 5–8)",
    "Topics": "Maps, Climate, Natural Resources, Indian States, Continents, Rivers, Mountains",
    "QuestionNumber": 3,
    "QuestionText": "What type of map shows boundaries?",
    "CorrectAnswer": "Political"
  },
  {
    "Subject": "Geography",
    "Level": "Intermediate (Grades 5–8)",
    "Topics": "Maps, Climate, Natural Resources, Indian States, Continents, Rivers, Mountains",
    "QuestionNumber": 4,
    "QuestionText": "What is the southernmost point of India?",
    "CorrectAnswer": "Indira Point"
  },
  {
    "Subject": "Geography",
    "Level": "Intermediate (Grades 5–8)",
    "Topics": "Maps, Climate, Natural Resources, Indian States, Continents, Rivers, Mountains",
    "QuestionNumber": 5,
    "QuestionText": "Which is the largest desert in the world?",
    "CorrectAnswer": "Sahara"
  },
  {
    "Subject": "Geography",
    "Level": "Intermediate (Grades 5–8)",
    "Topics": "Maps, Climate, Natural Resources, Indian States, Continents, Rivers, Mountains",
    "QuestionNumber": 6,
    "QuestionText": "What do we call rain caused by mountains?",
    "CorrectAnswer": "Orographic"
  },
  {
    "Subject": "Geography",
    "Level": "Intermediate (Grades 5–8)",
    "Topics": "Maps, Climate, Natural Resources, Indian States, Continents, Rivers, Mountains",
    "QuestionNumber": 7,
    "QuestionText": "What is the capital of Maharashtra?",
    "CorrectAnswer": "Mumbai"
  },
  {
    "Subject": "Geography",
    "Level": "Intermediate (Grades 5–8)",
    "Topics": "Maps, Climate, Natural Resources, Indian States, Continents, Rivers, Mountains",
    "QuestionNumber": 8,
    "QuestionText": "Which Indian river is considered sacred?",
    "CorrectAnswer": "Ganga"
  },
  {
    "Subject": "Geography",
    "Level": "Intermediate (Grades 5–8)",
    "Topics": "Maps, Climate, Natural Resources, Indian States, Continents, Rivers, Mountains",
    "QuestionNumber": 9,
    "QuestionText": "What kind of climate does Rajasthan have?",
    "CorrectAnswer": "Arid"
  },
  {
    "Subject": "Geography",
    "Level": "Intermediate (Grades 5–8)",
    "Topics": "Maps, Climate, Natural Resources, Indian States, Continents, Rivers, Mountains",
    "QuestionNumber": 10,
    "QuestionText": "What type of resource is sunlight?",
    "CorrectAnswer": "Renewable"
  },
  {
    "Subject": "Geography",
    "Level": "Intermediate (Grades 5–8)",
    "Topics": "Maps, Climate, Natural Resources, Indian States, Continents, Rivers, Mountains",
    "QuestionNumber": 11,
    "QuestionText": "Which continent has no permanent residents?",
    "CorrectAnswer": "Antarctica"
  },
  {
    "Subject": "Geography",
    "Level": "Intermediate (Grades 5–8)",
    "Topics": "Maps, Climate, Natural Resources, Indian States, Continents, Rivers, Mountains",
    "QuestionNumber": 12,
    "QuestionText": "What do we call the height above sea level?",
    "CorrectAnswer": "Altitude"
  },
  {
    "Subject": "Geography",
    "Level": "Intermediate (Grades 5–8)",
    "Topics": "Maps, Climate, Natural Resources, Indian States, Continents, Rivers, Mountains",
    "QuestionNumber": 13,
    "QuestionText": "Name the state known for tea plantations.",
    "CorrectAnswer": "Assam"
  },
  {
    "Subject": "Geography",
    "Level": "Intermediate (Grades 5–8)",
    "Topics": "Maps, Climate, Natural Resources, Indian States, Continents, Rivers, Mountains",
    "QuestionNumber": 14,
    "QuestionText": "What is the main source of energy in India?",
    "CorrectAnswer": "Coal"
  },
  {
    "Subject": "Geography",
    "Level": "Intermediate (Grades 5–8)",
    "Topics": "Maps, Climate, Natural Resources, Indian States, Continents, Rivers, Mountains",
    "QuestionNumber": 15,
    "QuestionText": "Which is the highest plateau in the world?",
    "CorrectAnswer": "Tibet"
  },
  {
    "Subject": "Geography",
    "Level": "Intermediate (Grades 5–8)",
    "Topics": "Maps, Climate, Natural Resources, Indian States, Continents, Rivers, Mountains",
    "QuestionNumber": 16,
    "QuestionText": "What type of soil is found in the Deccan Plateau?",
    "CorrectAnswer": "Black"
  },
  {
    "Subject": "Geography",
    "Level": "Intermediate (Grades 5–8)",
    "Topics": "Maps, Climate, Natural Resources, Indian States, Continents, Rivers, Mountains",
    "QuestionNumber": 17,
    "QuestionText": "Name the western coastal plain of India.",
    "CorrectAnswer": "Konkan"
  },
  {
    "Subject": "Geography",
    "Level": "Intermediate (Grades 5–8)",
    "Topics": "Maps, Climate, Natural Resources, Indian States, Continents, Rivers, Mountains",
    "QuestionNumber": 18,
    "QuestionText": "What is a natural wall made by Earth's movement?",
    "CorrectAnswer": "Mountain"
  },
  {
    "Subject": "Geography",
    "Level": "Intermediate (Grades 5–8)",
    "Topics": "Maps, Climate, Natural Resources, Indian States, Continents, Rivers, Mountains",
    "QuestionNumber": 19,
    "QuestionText": "What is the capital of China?",
    "CorrectAnswer": "Beijing"
  },
  {
    "Subject": "Geography",
    "Level": "Intermediate (Grades 5–8)",
    "Topics": "Maps, Climate, Natural Resources, Indian States, Continents, Rivers, Mountains",
    "QuestionNumber": 20,
    "QuestionText": "Which river flows through Egypt?",
    "CorrectAnswer": "Nile"
  },
  {
    "Subject": "Geography",
    "Level": "Intermediate (Grades 5–8)",
    "Topics": "Maps, Climate, Natural Resources, Indian States, Continents, Rivers, Mountains",
    "QuestionNumber": 21,
    "QuestionText": "What is a narrow strip of land connecting two larger lands?",
    "CorrectAnswer": "Isthmus"
  },
  {
    "Subject": "Geography",
    "Level": "Intermediate (Grades 5–8)",
    "Topics": "Maps, Climate, Natural Resources, Indian States, Continents, Rivers, Mountains",
    "QuestionNumber": 22,
    "QuestionText": "Which is the deepest ocean?",
    "CorrectAnswer": "Pacific"
  },
  {
    "Subject": "Geography",
    "Level": "Intermediate (Grades 5–8)",
    "Topics": "Maps, Climate, Natural Resources, Indian States, Continents, Rivers, Mountains",
    "QuestionNumber": 23,
    "QuestionText": "What do you call underwater mountains?",
    "CorrectAnswer": "Seamounts"
  },
  {
    "Subject": "Geography",
    "Level": "Intermediate (Grades 5–8)",
    "Topics": "Maps, Climate, Natural Resources, Indian States, Continents, Rivers, Mountains",
    "QuestionNumber": 24,
    "QuestionText": "Name one example of a fossil fuel.",
    "CorrectAnswer": "Petroleum"
  },
  {
    "Subject": "Geography",
    "Level": "Intermediate (Grades 5–8)",
    "Topics": "Maps, Climate, Natural Resources, Indian States, Continents, Rivers, Mountains",
    "QuestionNumber": 25,
    "QuestionText": "Which Indian city is called the Pink City?",
    "CorrectAnswer": "Jaipur"
  }
]