[
  {
    "Subject": "Geography",
    "Level": "Beginner (Grades 1–4)",
    "Topics": "Continents, Oceans, Landforms, Weather, Directions",
    "QuestionNumber": 1,
    "QuestionText": "What is the shape of the Earth?",
    "CorrectAnswer": "Sphere"
  },
  {
    "Subject": "Geography",
    "Level": "Beginner (Grades 1–4)",
    "Topics": "Continents, Oceans, Landforms, Weather, Directions",
    "QuestionNumber": 2,
    "QuestionText": "Which ocean is the largest?",
    "CorrectAnswer": "Pacific"
  },
  {
    "Subject": "Geography",
    "Level": "Beginner (Grades 1–4)",
    "Topics": "Continents, Oceans, Landforms, Weather, Directions",
    "QuestionNumber": 3,
    "QuestionText": "How many continents are there?",
    "CorrectAnswer": "Seven"
  },
  {
    "Subject": "Geography",
    "Level": "Beginner (Grades 1–4)",
    "Topics": "Continents, Oceans, Landforms, Weather, Directions",
    "QuestionNumber": 4,
    "QuestionText": "What is the highest mountain on Earth?",
    "CorrectAnswer": "Everest"
  },
  {
    "Subject": "Geography",
    "Level": "Beginner (Grades 1–4)",
    "Topics": "Continents, Oceans, Landforms, Weather, Directions",
    "QuestionNumber": 5,
    "QuestionText": "Which direction does the sun rise from?",
    "CorrectAnswer": "East"
  },
  {
    "Subject": "Geography",
    "Level": "Beginner (Grades 1–4)",
    "Topics": "Continents, Oceans, Landforms, Weather, Directions",
    "QuestionNumber": 6,
    "QuestionText": "What covers most of the Earth’s surface?",
    "CorrectAnswer": "Water"
  },
  {
    "Subject": "Geography",
    "Level": "Beginner (Grades 1–4)",
    "Topics": "Continents, Oceans, Landforms, Weather, Directions",
    "QuestionNumber": 7,
    "QuestionText": "Which pole is icy and cold?",
    "CorrectAnswer": "South"
  },
  {
    "Subject": "Geography",
    "Level": "Beginner (Grades 1–4)",
    "Topics": "Continents, Oceans, Landforms, Weather, Directions",
    "QuestionNumber": 8,
    "QuestionText": "What do we call a large body of water?",
    "CorrectAnswer": "Ocean"
  },
  {
    "Subject": "Geography",
    "Level": "Beginner (Grades 1–4)",
    "Topics": "Continents, Oceans, Landforms, Weather, Directions",
    "QuestionNumber": 9,
    "QuestionText": "What do we call flat land?",
    "CorrectAnswer": "Plain"
  },
  {
    "Subject": "Geography",
    "Level": "Beginner (Grades 1–4)",
    "Topics": "Continents, Oceans, Landforms, Weather, Directions",
    "QuestionNumber": 10,
    "QuestionText": "Which continent is India in?",
    "CorrectAnswer": "Asia"
  },
  {
    "Subject": "Geography",
    "Level": "Beginner (Grades 1–4)",
    "Topics": "Continents, Oceans, Landforms, Weather, Directions",
    "QuestionNumber": 11,
    "QuestionText": "What is a large area of sand called?",
    "CorrectAnswer": "Desert"
  },
  {
    "Subject": "Geography",
    "Level": "Beginner (Grades 1–4)",
    "Topics": "Continents, Oceans, Landforms, Weather, Directions",
    "QuestionNumber": 12,
    "QuestionText": "What is the capital of India?",
    "CorrectAnswer": "Delhi"
  },
  {
    "Subject": "Geography",
    "Level": "Beginner (Grades 1–4)",
    "Topics": "Continents, Oceans, Landforms, Weather, Directions",
    "QuestionNumber": 13,
    "QuestionText": "What is the Earth's natural satellite?",
    "CorrectAnswer": "Moon"
  },
  {
    "Subject": "Geography",
    "Level": "Beginner (Grades 1–4)",
    "Topics": "Continents, Oceans, Landforms, Weather, Directions",
    "QuestionNumber": 14,
    "QuestionText": "What falls from the sky during rain?",
    "CorrectAnswer": "Water"
  },
  {
    "Subject": "Geography",
    "Level": "Beginner (Grades 1–4)",
    "Topics": "Continents, Oceans, Landforms, Weather, Directions",
    "QuestionNumber": 15,
    "QuestionText": "Which season comes after summer?",
    "CorrectAnswer": "Rainy"
  },
  {
    "Subject": "Geography",
    "Level": "Beginner (Grades 1–4)",
    "Topics": "Continents, Oceans, Landforms, Weather, Directions",
    "QuestionNumber": 16,
    "QuestionText": "What do we call frozen water?",
    "CorrectAnswer": "Ice"
  },
  {
    "Subject": "Geography",
    "Level": "Beginner (Grades 1–4)",
    "Topics": "Continents, Oceans, Landforms, Weather, Directions",
    "QuestionNumber": 17,
    "QuestionText": "What do we use to find direction?",
    "CorrectAnswer": "Compass"
  },
  {
    "Subject": "Geography",
    "Level": "Beginner (Grades 1–4)",
    "Topics": "Continents, Oceans, Landforms, Weather, Directions",
    "QuestionNumber": 18,
    "QuestionText": "What is the smallest continent?",
    "CorrectAnswer": "Australia"
  },
  {
    "Subject": "Geography",
    "Level": "Beginner (Grades 1–4)",
    "Topics": "Continents, Oceans, Landforms, Weather, Directions",
    "QuestionNumber": 19,
    "QuestionText": "What do we call moving air?",
    "CorrectAnswer": "Wind"
  },
  {
    "Subject": "Geography",
    "Level": "Beginner (Grades 1–4)",
    "Topics": "Continents, Oceans, Landforms, Weather, Directions",
    "QuestionNumber": 20,
    "QuestionText": "What is a group of stars called?",
    "CorrectAnswer": "Constellation"
  },
  {
    "Subject": "Geography",
    "Level": "Beginner (Grades 1–4)",
    "Topics": "Continents, Oceans, Landforms, Weather, Directions",
    "QuestionNumber": 21,
    "QuestionText": "Where do rivers flow into?",
    "CorrectAnswer": "Sea"
  },
  {
    "Subject": "Geography",
    "Level": "Beginner (Grades 1–4)",
    "Topics": "Continents, Oceans, Landforms, Weather, Directions",
    "QuestionNumber": 22,
    "QuestionText": "Which direction is opposite to north?",
    "CorrectAnswer": "South"
  },
  {
    "Subject": "Geography",
    "Level": "Beginner (Grades 1–4)",
    "Topics": "Continents, Oceans, Landforms, Weather, Directions",
    "QuestionNumber": 23,
    "QuestionText": "What do clouds bring?",
    "CorrectAnswer": "Rain"
  },
  {
    "Subject": "Geography",
    "Level": "Beginner (Grades 1–4)",
    "Topics": "Continents, Oceans, Landforms, Weather, Directions",
    "QuestionNumber": 24,
    "QuestionText": "What is the hottest planet?",
    "CorrectAnswer": "Venus"
  },
  {
    "Subject": "Geography",
    "Level": "Beginner (Grades 1–4)",
    "Topics": "Continents, Oceans, Landforms, Weather, Directions",
    "QuestionNumber": 25,
    "QuestionText": "What is land surrounded by water called?",
    "CorrectAnswer": "Island"
  }
]