[
  {
    "Subject": "Geography",
    "Level": "Advanced (Grades 9–College)",
    "Topics": "Latitude & Longitude, Geomorphology, World Geography, Indian Physical Geography, Economic Geography",
    "QuestionNumber": 1,
    "QuestionText": "What is 0  latitude called?",
    "CorrectAnswer": "Equator"
  },
  {
    "Subject": "Geography",
    "Level": "Advanced (Grades 9–College)",
    "Topics": "Latitude & Longitude, Geomorphology, World Geography, Indian Physical Geography, Economic Geography",
    "QuestionNumber": 2,
    "QuestionText": "What is the 0  longitude called?",
    "CorrectAnswer": "Prime Meridian"
  },
  {
    "Subject": "Geography",
    "Level": "Advanced (Grades 9–College)",
    "Topics": "Latitude & Longitude, Geomorphology, World Geography, Indian Physical Geography, Economic Geography",
    "QuestionNumber": 3,
    "QuestionText": "What is the study of landforms called?",
    "CorrectAnswer": "Geomorphology"
  },
  {
    "Subject": "Geography",
    "Level": "Advanced (Grades 9–College)",
    "Topics": "Latitude & Longitude, Geomorphology, World Geography, Indian Physical Geography, Economic Geography",
    "QuestionNumber": 4,
    "QuestionText": "Which layer of the Earth is liquid?",
    "CorrectAnswer": "Outer Core"
  },
  {
    "Subject": "Geography",
    "Level": "Advanced (Grades 9–College)",
    "Topics": "Latitude & Longitude, Geomorphology, World Geography, Indian Physical Geography, Economic Geography",
    "QuestionNumber": 5,
    "QuestionText": "What is the boundary between tectonic plates called?",
    "CorrectAnswer": "Fault"
  },
  {
    "Subject": "Geography",
    "Level": "Advanced (Grades 9–College)",
    "Topics": "Latitude & Longitude, Geomorphology, World Geography, Indian Physical Geography, Economic Geography",
    "QuestionNumber": 6,
    "QuestionText": "What type of volcano is Vesuvius?",
    "CorrectAnswer": "Active"
  },
  {
    "Subject": "Geography",
    "Level": "Advanced (Grades 9–College)",
    "Topics": "Latitude & Longitude, Geomorphology, World Geography, Indian Physical Geography, Economic Geography",
    "QuestionNumber": 7,
    "QuestionText": "Which scale measures earthquake intensity?",
    "CorrectAnswer": "Richter"
  },
  {
    "Subject": "Geography",
    "Level": "Advanced (Grades 9–College)",
    "Topics": "Latitude & Longitude, Geomorphology, World Geography, Indian Physical Geography, Economic Geography",
    "QuestionNumber": 8,
    "QuestionText": "What is the northernmost state of India?",
    "CorrectAnswer": "Jammu & Kashmir"
  },
  {
    "Subject": "Geography",
    "Level": "Advanced (Grades 9–College)",
    "Topics": "Latitude & Longitude, Geomorphology, World Geography, Indian Physical Geography, Economic Geography",
    "QuestionNumber": 9,
    "QuestionText": "What kind of rainfall occurs near the equator?",
    "CorrectAnswer": "Convectional"
  },
  {
    "Subject": "Geography",
    "Level": "Advanced (Grades 9–College)",
    "Topics": "Latitude & Longitude, Geomorphology, World Geography, Indian Physical Geography, Economic Geography",
    "QuestionNumber": 10,
    "QuestionText": "What is a seasonal reversing wind?",
    "CorrectAnswer": "Monsoon"
  },
  {
    "Subject": "Geography",
    "Level": "Advanced (Grades 9–College)",
    "Topics": "Latitude & Longitude, Geomorphology, World Geography, Indian Physical Geography, Economic Geography",
    "QuestionNumber": 11,
    "QuestionText": "Which current brings warm water to Europe?",
    "CorrectAnswer": "Gulfstream"
  },
  {
    "Subject": "Geography",
    "Level": "Advanced (Grades 9–College)",
    "Topics": "Latitude & Longitude, Geomorphology, World Geography, Indian Physical Geography, Economic Geography",
    "QuestionNumber": 12,
    "QuestionText": "What is Indias longest river?",
    "CorrectAnswer": "Ganga"
  },
  {
    "Subject": "Geography",
    "Level": "Advanced (Grades 9–College)",
    "Topics": "Latitude & Longitude, Geomorphology, World Geography, Indian Physical Geography, Economic Geography",
    "QuestionNumber": 13,
    "QuestionText": "Name one residual mountain in India.",
    "CorrectAnswer": "Aravalli"
  },
  {
    "Subject": "Geography",
    "Level": "Advanced (Grades 9–College)",
    "Topics": "Latitude & Longitude, Geomorphology, World Geography, Indian Physical Geography, Economic Geography",
    "QuestionNumber": 14,
    "QuestionText": "What is another name for lines of latitude?",
    "CorrectAnswer": "Parallels"
  },
  {
    "Subject": "Geography",
    "Level": "Advanced (Grades 9–College)",
    "Topics": "Latitude & Longitude, Geomorphology, World Geography, Indian Physical Geography, Economic Geography",
    "QuestionNumber": 15,
    "QuestionText": "Which landform is formed by deposition?",
    "CorrectAnswer": "Delta"
  },
  {
    "Subject": "Geography",
    "Level": "Advanced (Grades 9–College)",
    "Topics": "Latitude & Longitude, Geomorphology, World Geography, Indian Physical Geography, Economic Geography",
    "QuestionNumber": 16,
    "QuestionText": "Which country is known as the Land of the Rising Sun?",
    "CorrectAnswer": "Japan"
  },
  {
    "Subject": "Geography",
    "Level": "Advanced (Grades 9–College)",
    "Topics": "Latitude & Longitude, Geomorphology, World Geography, Indian Physical Geography, Economic Geography",
    "QuestionNumber": 17,
    "QuestionText": "What is the study of population called?",
    "CorrectAnswer": "Demography"
  },
  {
    "Subject": "Geography",
    "Level": "Advanced (Grades 9–College)",
    "Topics": "Latitude & Longitude, Geomorphology, World Geography, Indian Physical Geography, Economic Geography",
    "QuestionNumber": 18,
    "QuestionText": "Which forest is called the \"\"lungs of Earth\"\"?",
    "CorrectAnswer": "Amazon"
  },
  {
    "Subject": "Geography",
    "Level": "Advanced (Grades 9–College)",
    "Topics": "Latitude & Longitude, Geomorphology, World Geography, Indian Physical Geography, Economic Geography",
    "QuestionNumber": 19,
    "QuestionText": "Name the grassland found in Africa.",
    "CorrectAnswer": "Savanna"
  },
  {
    "Subject": "Geography",
    "Level": "Advanced (Grades 9–College)",
    "Topics": "Latitude & Longitude, Geomorphology, World Geography, Indian Physical Geography, Economic Geography",
    "QuestionNumber": 20,
    "QuestionText": "What is India's main food crop?",
    "CorrectAnswer": "Rice"
  },
  {
    "Subject": "Geography",
    "Level": "Advanced (Grades 9–College)",
    "Topics": "Latitude & Longitude, Geomorphology, World Geography, Indian Physical Geography, Economic Geography",
    "QuestionNumber": 21,
    "QuestionText": "What is the capital of Canada?",
    "CorrectAnswer": "Ottawa"
  },
  {
    "Subject": "Geography",
    "Level": "Advanced (Grades 9–College)",
    "Topics": "Latitude & Longitude, Geomorphology, World Geography, Indian Physical Geography, Economic Geography",
    "QuestionNumber": 22,
    "QuestionText": "Which desert is found in Rajasthan?",
    "CorrectAnswer": "Thar"
  },
  {
    "Subject": "Geography",
    "Level": "Advanced (Grades 9–College)",
    "Topics": "Latitude & Longitude, Geomorphology, World Geography, Indian Physical Geography, Economic Geography",
    "QuestionNumber": 23,
    "QuestionText": "What kind of rock is granite?",
    "CorrectAnswer": "Igneous"
  },
  {
    "Subject": "Geography",
    "Level": "Advanced (Grades 9–College)",
    "Topics": "Latitude & Longitude, Geomorphology, World Geography, Indian Physical Geography, Economic Geography",
    "QuestionNumber": 24,
    "QuestionText": "What is the movement of people from one place to another?",
    "CorrectAnswer": "Migration"
  },
  {
    "Subject": "Geography",
    "Level": "Advanced (Grades 9–College)",
    "Topics": "Latitude & Longitude, Geomorphology, World Geography, Indian Physical Geography, Economic Geography",
    "QuestionNumber": 25,
    "QuestionText": "What is the study of weather called?",
    "CorrectAnswer": "Meteorology"
  }
]