[
  {
    "subject": "General Knowledge",
    "level": "Advanced (Grades 9–College)",
    "topics": "World History, Politics, Science, Technology, Economics",
    "question_number": 1,
    "question_text": "Who was the first woman to win a Nobel Prize?",
    "options": null,
    "correct_answer": "Curie"
  },
  {
    "subject": "General Knowledge",
    "level": "Advanced (Grades 9–College)",
    "topics": "World History, Politics, Science, Technology, Economics",
    "question_number": 2,
    "question_text": "Which country was the first to grant women the right to vote?",
    "options": null,
    "correct_answer": "New Zealand"
  },
  {
    "subject": "General Knowledge",
    "level": "Advanced (Grades 9–College)",
    "topics": "World History, Politics, Science, Technology, Economics",
    "question_number": 3,
    "question_text": "What is the most abundant gas in the Earth's atmosphere?",
    "options": null,
    "correct_answer": "Nitrogen"
  },
  {
    "subject": "General Knowledge",
    "level": "Advanced (Grades 9–College)",
    "topics": "World History, Politics, Science, Technology, Economics",
    "question_number": 4,
    "question_text": "Who developed the theory of relativity?",
    "options": null,
    "correct_answer": "Einstein"
  },
  {
    "subject": "General Knowledge",
    "level": "Advanced (Grades 9–College)",
    "topics": "World History, Politics, Science, Technology, Economics",
    "question_number": 5,
    "question_text": "What is the currency of the UK?",
    "options": null,
    "correct_answer": "Pound"
  },
  {
    "subject": "General Knowledge",
    "level": "Advanced (Grades 9–College)",
    "topics": "World History, Politics, Science, Technology, Economics",
    "question_number": 6,
    "question_text": "Which planet has the longest day?",
    "options": null,
    "correct_answer": "Venus"
  },
  {
    "subject": "General Knowledge",
    "level": "Advanced (Grades 9–College)",
    "topics": "World History, Politics, Science, Technology, Economics",
    "question_number": 7,
    "question_text": "What is the largest democracy in the world?",
    "options": null,
    "correct_answer": "India"
  },
  {
    "subject": "General Knowledge",
    "level": "Advanced (Grades 9–College)",
    "topics": "World History, Politics, Science, Technology, Economics",
    "question_number": 8,
    "question_text": "What does the acronym 'GDP' stand for?",
    "options": null,
    "correct_answer": "Gross"
  },
  {
    "subject": "General Knowledge",
    "level": "Advanced (Grades 9–College)",
    "topics": "World History, Politics, Science, Technology, Economics",
    "question_number": 9,
    "question_text": "Who invented the World Wide Web?",
    "options": null,
    "correct_answer": "Berners-Lee"
  },
  {
    "subject": "General Knowledge",
    "level": "Advanced (Grades 9–College)",
    "topics": "World History, Politics, Science, Technology, Economics",
    "question_number": 10,
    "question_text": "What is the smallest country in the world?",
    "options": null,
    "correct_answer": "Vatican"
  },
  {
    "subject": "General Knowledge",
    "level": "Advanced (Grades 9–College)",
    "topics": "World History, Politics, Science, Technology, Economics",
    "question_number": 11,
    "question_text": "Which element has the chemical symbol 'Au'?",
    "options": null,
    "correct_answer": "Gold"
  },
  {
    "subject": "General Knowledge",
    "level": "Advanced (Grades 9–College)",
    "topics": "World History, Politics, Science, Technology, Economics",
    "question_number": 12,
    "question_text": "What is the longest-running TV show in history?",
    "options": null,
    "correct_answer": "The Simpsons"
  },
  {
    "subject": "General Knowledge",
    "level": "Advanced (Grades 9–College)",
    "topics": "World History, Politics, Science, Technology, Economics",
    "question_number": 13,
    "question_text": "What is the term for a year without a leap day?",
    "options": null,
    "correct_answer": "Common"
  },
  {
    "subject": "General Knowledge",
    "level": "Advanced (Grades 9–College)",
    "topics": "World History, Politics, Science, Technology, Economics",
    "question_number": 14,
    "question_text": "What is the capital of Australia?",
    "options": null,
    "correct_answer": "Canberra"
  },
  {
    "subject": "General Knowledge",
    "level": "Advanced (Grades 9–College)",
    "topics": "World History, Politics, Science, Technology, Economics",
    "question_number": 15,
    "question_text": "Who wrote 'The Communist Manifesto'?",
    "options": null,
    "correct_answer": "Marx"
  },
  {
    "subject": "General Knowledge",
    "level": "Advanced (Grades 9–College)",
    "topics": "World History, Politics, Science, Technology, Economics",
    "question_number": 16,
    "question_text": "In which year did the Titanic sink?",
    "options": null,
    "correct_answer": "1912"
  },
  {
    "subject": "General Knowledge",
    "level": "Advanced (Grades 9–College)",
    "topics": "World History, Politics, Science, Technology, Economics",
    "question_number": 17,
    "question_text": "Who was the first Prime Minister of India?",
    "options": null,
    "correct_answer": "Nehru"
  },
  {
    "subject": "General Knowledge",
    "level": "Advanced (Grades 9–College)",
    "topics": "World History, Politics, Science, Technology, Economics",
    "question_number": 18,
    "question_text": "What is the capital of Canada?",
    "options": null,
    "correct_answer": "Ottawa"
  },
  {
    "subject": "General Knowledge",
    "level": "Advanced (Grades 9–College)",
    "topics": "World History, Politics, Science, Technology, Economics",
    "question_number": 19,
    "question_text": "Which country was the first to land a man on the moon?",
    "options": null,
    "correct_answer": "USA"
  },
  {
    "subject": "General Knowledge",
    "level": "Advanced (Grades 9–College)",
    "topics": "World History, Politics, Science, Technology, Economics",
    "question_number": 20,
    "question_text": "What is the name of the famous shipwrecked ship that sank in 1912?",
    "options": null,
    "correct_answer": "Titanic"
  },
  {
    "subject": "General Knowledge",
    "level": "Advanced (Grades 9–College)",
    "topics": "World History, Politics, Science, Technology, Economics",
    "question_number": 21,
    "question_text": "What was the first artificial Earth satellite?",
    "options": null,
    "correct_answer": "Sputnik"
  },
  {
    "subject": "General Knowledge",
    "level": "Advanced (Grades 9–College)",
    "topics": "World History, Politics, Science, Technology, Economics",
    "question_number": 22,
    "question_text": "What does 'www' stand for in a web address?",
    "options": null,
    "correct_answer": "World"
  },
  {
    "subject": "General Knowledge",
    "level": "Advanced (Grades 9–College)",
    "topics": "World History, Politics, Science, Technology, Economics",
    "question_number": 23,
    "question_text": "Which country first used paper currency?",
    "options": null,
    "correct_answer": "China"
  },
  {
    "subject": "General Knowledge",
    "level": "Advanced (Grades 9–College)",
    "topics": "World History, Politics, Science, Technology, Economics",
    "question_number": 24,
    "question_text": "What was the first video game ever created?",
    "options": null,
    "correct_answer": "Tennis"
  },
  {
    "subject": "General Knowledge",
    "level": "Advanced (Grades 9–College)",
    "topics": "World History, Politics, Science, Technology, Economics",
    "question_number": 25,
    "question_text": "What does the acronym 'NASA' stand for?",
    "options": null,
    "correct_answer": "Aeronautics"
  }
]