[
  {
    "subject": "General Knowledge",
    "level": "Beginner (Grades 1–4)",
    "topics": "Countries, Animals, Nature, Sports, Basic Facts",
    "question_number": 1,
    "question_text": "What is the capital of India?",
    "options": null,
    "correct_answer": "Delhi"
  },
  {
    "subject": "General Knowledge",
    "level": "Beginner (Grades 1–4)",
    "topics": "Countries, Animals, Nature, Sports, Basic Facts",
    "question_number": 2,
    "question_text": "What is the color of the sky on a clear day?",
    "options": null,
    "correct_answer": "Blue"
  },
  {
    "subject": "General Knowledge",
    "level": "Beginner (Grades 1–4)",
    "topics": "Countries, Animals, Nature, Sports, Basic Facts",
    "question_number": 3,
    "question_text": "Which animal is known as the King of the Jungle?",
    "options": null,
    "correct_answer": "Lion"
  },
  {
    "subject": "General Knowledge",
    "level": "Beginner (Grades 1–4)",
    "topics": "Countries, Animals, Nature, Sports, Basic Facts",
    "question_number": 4,
    "question_text": "What is the largest continent?",
    "options": null,
    "correct_answer": "Asia"
  },
  {
    "subject": "General Knowledge",
    "level": "Beginner (Grades 1–4)",
    "topics": "Countries, Animals, Nature, Sports, Basic Facts",
    "question_number": 5,
    "question_text": "Which fruit is yellow and curved?",
    "options": null,
    "correct_answer": "Banana"
  },
  {
    "subject": "General Knowledge",
    "level": "Beginner (Grades 1–4)",
    "topics": "Countries, Animals, Nature, Sports, Basic Facts",
    "question_number": 6,
    "question_text": "What is the national flower of India?",
    "options": null,
    "correct_answer": "Lotus"
  },
  {
    "subject": "General Knowledge",
    "level": "Beginner (Grades 1–4)",
    "topics": "Countries, Animals, Nature, Sports, Basic Facts",
    "question_number": 7,
    "question_text": "Which bird can mimic human speech?",
    "options": null,
    "correct_answer": "Parrot"
  },
  {
    "subject": "General Knowledge",
    "level": "Beginner (Grades 1–4)",
    "topics": "Countries, Animals, Nature, Sports, Basic Facts",
    "question_number": 8,
    "question_text": "How many continents are there?",
    "options": null,
    "correct_answer": "Seven"
  },
  {
    "subject": "General Knowledge",
    "level": "Beginner (Grades 1–4)",
    "topics": "Countries, Animals, Nature, Sports, Basic Facts",
    "question_number": 9,
    "question_text": "What is the smallest planet in our solar system?",
    "options": null,
    "correct_answer": "Mercury"
  },
  {
    "subject": "General Knowledge",
    "level": "Beginner (Grades 1–4)",
    "topics": "Countries, Animals, Nature, Sports, Basic Facts",
    "question_number": 10,
    "question_text": "What do you call a baby cat?",
    "options": null,
    "correct_answer": "Kitten"
  },
  {
    "subject": "General Knowledge",
    "level": "Beginner (Grades 1–4)",
    "topics": "Countries, Animals, Nature, Sports, Basic Facts",
    "question_number": 11,
    "question_text": "What is the national animal of India?",
    "options": null,
    "correct_answer": "Lion"
  },
  {
    "subject": "General Knowledge",
    "level": "Beginner (Grades 1–4)",
    "topics": "Countries, Animals, Nature, Sports, Basic Facts",
    "question_number": 12,
    "question_text": "Which season comes after winter?",
    "options": null,
    "correct_answer": "Spring"
  },
  {
    "subject": "General Knowledge",
    "level": "Beginner (Grades 1–4)",
    "topics": "Countries, Animals, Nature, Sports, Basic Facts",
    "question_number": 13,
    "question_text": "Which animal is known for its trunk?",
    "options": null,
    "correct_answer": "Elephant"
  },
  {
    "subject": "General Knowledge",
    "level": "Beginner (Grades 1–4)",
    "topics": "Countries, Animals, Nature, Sports, Basic Facts",
    "question_number": 14,
    "question_text": "What is the color of grass?",
    "options": null,
    "correct_answer": "Green"
  },
  {
    "subject": "General Knowledge",
    "level": "Beginner (Grades 1–4)",
    "topics": "Countries, Animals, Nature, Sports, Basic Facts",
    "question_number": 15,
    "question_text": "What is the largest ocean?",
    "options": null,
    "correct_answer": "Pacific"
  },
  {
    "subject": "General Knowledge",
    "level": "Beginner (Grades 1–4)",
    "topics": "Countries, Animals, Nature, Sports, Basic Facts",
    "question_number": 16,
    "question_text": "What do we use to see stars?",
    "options": null,
    "correct_answer": "Telescope"
  },
  {
    "subject": "General Knowledge",
    "level": "Beginner (Grades 1–4)",
    "topics": "Countries, Animals, Nature, Sports, Basic Facts",
    "question_number": 17,
    "question_text": "Who invented the telephone?",
    "options": null,
    "correct_answer": "Bell"
  },
  {
    "subject": "General Knowledge",
    "level": "Beginner (Grades 1–4)",
    "topics": "Countries, Animals, Nature, Sports, Basic Facts",
    "question_number": 18,
    "question_text": "What do bees produce?",
    "options": null,
    "correct_answer": "Honey"
  },
  {
    "subject": "General Knowledge",
    "level": "Beginner (Grades 1–4)",
    "topics": "Countries, Animals, Nature, Sports, Basic Facts",
    "question_number": 19,
    "question_text": "Which planet is known as the Red Planet?",
    "options": null,
    "correct_answer": "Mars"
  },
  {
    "subject": "General Knowledge",
    "level": "Beginner (Grades 1–4)",
    "topics": "Countries, Animals, Nature, Sports, Basic Facts",
    "question_number": 20,
    "question_text": "What is the hardest natural substance on Earth?",
    "options": null,
    "correct_answer": "Diamond"
  },
  {
    "subject": "General Knowledge",
    "level": "Beginner (Grades 1–4)",
    "topics": "Countries, Animals, Nature, Sports, Basic Facts",
    "question_number": 21,
    "question_text": "Which vegetable is orange and long?",
    "options": null,
    "correct_answer": "Carrot"
  },
  {
    "subject": "General Knowledge",
    "level": "Beginner (Grades 1–4)",
    "topics": "Countries, Animals, Nature, Sports, Basic Facts",
    "question_number": 22,
    "question_text": "What is the currency of the USA?",
    "options": null,
    "correct_answer": "Dollar"
  },
  {
    "subject": "General Knowledge",
    "level": "Beginner (Grades 1–4)",
    "topics": "Countries, Animals, Nature, Sports, Basic Facts",
    "question_number": 23,
    "question_text": "What is the main source of energy for Earth?",
    "options": null,
    "correct_answer": "Sun"
  },
  {
    "subject": "General Knowledge",
    "level": "Beginner (Grades 1–4)",
    "topics": "Countries, Animals, Nature, Sports, Basic Facts",
    "question_number": 24,
    "question_text": "What is the longest river in the world?",
    "options": null,
    "correct_answer": "Nile"
  },
  {
    "subject": "General Knowledge",
    "level": "Beginner (Grades 1–4)",
    "topics": "Countries, Animals, Nature, Sports, Basic Facts",
    "question_number": 25,
    "question_text": "What is the biggest island in the world?",
    "options": null,
    "correct_answer": "Greenland"
  }
]