[
  {
    "subject": "General Knowledge",
    "level": "Intermediate (Grades 5–8)",
    "topics": "World History, Geography, Politics, Literature, Basic Science",
    "question_number": 1,
    "question_text": "Who was the first President of the United States?",
    "options": null,
    "correct_answer": "Washington"
  },
  {
    "subject": "General Knowledge",
    "level": "Intermediate (Grades 5–8)",
    "topics": "World History, Geography, Politics, Literature, Basic Science",
    "question_number": 2,
    "question_text": "What is the capital of Japan?",
    "options": null,
    "correct_answer": "Tokyo"
  },
  {
    "subject": "General Knowledge",
    "level": "Intermediate (Grades 5–8)",
    "topics": "World History, Geography, Politics, Literature, Basic Science",
    "question_number": 3,
    "question_text": "What is the longest river in India?",
    "options": null,
    "correct_answer": "Ganga"
  },
  {
    "subject": "General Knowledge",
    "level": "Intermediate (Grades 5–8)",
    "topics": "World History, Geography, Politics, Literature, Basic Science",
    "question_number": 4,
    "question_text": "Who wrote 'Romeo and Juliet'?",
    "options": null,
    "correct_answer": "Shakespeare"
  },
  {
    "subject": "General Knowledge",
    "level": "Intermediate (Grades 5–8)",
    "topics": "World History, Geography, Politics, Literature, Basic Science",
    "question_number": 5,
    "question_text": "What is the largest desert in the world?",
    "options": null,
    "correct_answer": "Sahara"
  },
  {
    "subject": "General Knowledge",
    "level": "Intermediate (Grades 5–8)",
    "topics": "World History, Geography, Politics, Literature, Basic Science",
    "question_number": 6,
    "question_text": "Which planet is the closest to the Sun?",
    "options": null,
    "correct_answer": "Mercury"
  },
  {
    "subject": "General Knowledge",
    "level": "Intermediate (Grades 5–8)",
    "topics": "World History, Geography, Politics, Literature, Basic Science",
    "question_number": 7,
    "question_text": "Who discovered gravity?",
    "options": null,
    "correct_answer": "Newton"
  },
  {
    "subject": "General Knowledge",
    "level": "Intermediate (Grades 5–8)",
    "topics": "World History, Geography, Politics, Literature, Basic Science",
    "question_number": 8,
    "question_text": "Which country is known for the Great Wall?",
    "options": null,
    "correct_answer": "China"
  },
  {
    "subject": "General Knowledge",
    "level": "Intermediate (Grades 5–8)",
    "topics": "World History, Geography, Politics, Literature, Basic Science",
    "question_number": 9,
    "question_text": "What is the capital of France?",
    "options": null,
    "correct_answer": "Paris"
  },
  {
    "subject": "General Knowledge",
    "level": "Intermediate (Grades 5–8)",
    "topics": "World History, Geography, Politics, Literature, Basic Science",
    "question_number": 10,
    "question_text": "Who painted the Mona Lisa?",
    "options": null,
    "correct_answer": "Da Vinci"
  },
  {
    "subject": "General Knowledge",
    "level": "Intermediate (Grades 5–8)",
    "topics": "World History, Geography, Politics, Literature, Basic Science",
    "question_number": 11,
    "question_text": "What is the largest country in the world by area?",
    "options": null,
    "correct_answer": "Russia"
  },
  {
    "subject": "General Knowledge",
    "level": "Intermediate (Grades 5–8)",
    "topics": "World History, Geography, Politics, Literature, Basic Science",
    "question_number": 12,
    "question_text": "What element does 'O' represent on the periodic table?",
    "options": null,
    "correct_answer": "Oxygen"
  },
  {
    "subject": "General Knowledge",
    "level": "Intermediate (Grades 5–8)",
    "topics": "World History, Geography, Politics, Literature, Basic Science",
    "question_number": 13,
    "question_text": "Which sea separates Europe and Africa?",
    "options": null,
    "correct_answer": "Mediterranean"
  },
  {
    "subject": "General Knowledge",
    "level": "Intermediate (Grades 5–8)",
    "topics": "World History, Geography, Politics, Literature, Basic Science",
    "question_number": 14,
    "question_text": "What is the hardest rock found on Earth?",
    "options": null,
    "correct_answer": "Diamond"
  },
  {
    "subject": "General Knowledge",
    "level": "Intermediate (Grades 5–8)",
    "topics": "World History, Geography, Politics, Literature, Basic Science",
    "question_number": 15,
    "question_text": "Which country has the most number of people?",
    "options": null,
    "correct_answer": "China"
  },
  {
    "subject": "General Knowledge",
    "level": "Intermediate (Grades 5–8)",
    "topics": "World History, Geography, Politics, Literature, Basic Science",
    "question_number": 16,
    "question_text": "What is the national sport of Canada?",
    "options": null,
    "correct_answer": "Hockey"
  },
  {
    "subject": "General Knowledge",
    "level": "Intermediate (Grades 5–8)",
    "topics": "World History, Geography, Politics, Literature, Basic Science",
    "question_number": 17,
    "question_text": "What is the largest organ in the human body?",
    "options": null,
    "correct_answer": "Skin"
  },
  {
    "subject": "General Knowledge",
    "level": "Intermediate (Grades 5–8)",
    "topics": "World History, Geography, Politics, Literature, Basic Science",
    "question_number": 18,
    "question_text": "Who was the first man to walk on the moon?",
    "options": null,
    "correct_answer": "Armstrong"
  },
  {
    "subject": "General Knowledge",
    "level": "Intermediate (Grades 5–8)",
    "topics": "World History, Geography, Politics, Literature, Basic Science",
    "question_number": 19,
    "question_text": "What is the process of plants making food?",
    "options": null,
    "correct_answer": "Photosynthesis"
  },
  {
    "subject": "General Knowledge",
    "level": "Intermediate (Grades 5–8)",
    "topics": "World History, Geography, Politics, Literature, Basic Science",
    "question_number": 20,
    "question_text": "What is the currency of Japan?",
    "options": null,
    "correct_answer": "Yen"
  },
  {
    "subject": "General Knowledge",
    "level": "Intermediate (Grades 5–8)",
    "topics": "World History, Geography, Politics, Literature, Basic Science",
    "question_number": 21,
    "question_text": "Which country invented the pizza?",
    "options": null,
    "correct_answer": "Italy"
  },
  {
    "subject": "General Knowledge",
    "level": "Intermediate (Grades 5–8)",
    "topics": "World History, Geography, Politics, Literature, Basic Science",
    "question_number": 22,
    "question_text": "Which city is known as the City of Love?",
    "options": null,
    "correct_answer": "Paris"
  },
  {
    "subject": "General Knowledge",
    "level": "Intermediate (Grades 5–8)",
    "topics": "World History, Geography, Politics, Literature, Basic Science",
    "question_number": 23,
    "question_text": "Who was the first woman to fly solo across the Atlantic?",
    "options": null,
    "correct_answer": "Earhart"
  },
  {
    "subject": "General Knowledge",
    "level": "Intermediate (Grades 5–8)",
    "topics": "World History, Geography, Politics, Literature, Basic Science",
    "question_number": 24,
    "question_text": "Which continent is known as the 'Dark Continent'?",
    "options": null,
    "correct_answer": "Africa"
  },
  {
    "subject": "General Knowledge",
    "level": "Intermediate (Grades 5–8)",
    "topics": "World History, Geography, Politics, Literature, Basic Science",
    "question_number": 25,
    "question_text": "Which gas makes up most of the Earth's atmosphere?",
    "options": null,
    "correct_answer": "Nitrogen"
  }
]