[
  {
    "Subject": "History",
    "Level": "Intermediate (Grades 5–8)",
    "Topics": "Ancient Civilizations, Indian Freedom Struggle, Medieval Kings, Inventions, Reform Movements",
    "QuestionNumber": 1,
    "QuestionText": "Name the four Vedas.",
    "CorrectAnswer": "Rigveda",
    "": "Samaveda",
    "__1": "Yajurveda",
    "__2": "Atharvaveda"
  },
  {
    "Subject": "History",
    "Level": "Intermediate (Grades 5–8)",
    "Topics": "Ancient Civilizations, Indian Freedom Struggle, Medieval Kings, Inventions, Reform Movements",
    "QuestionNumber": 2,
    "QuestionText": "Who was Ashoka the Great?",
    "CorrectAnswer": "A Mauryan emperor known for spreading Buddhism",
    "": "",
    "__1": "",
    "__2": ""
  },
  {
    "Subject": "History",
    "Level": "Intermediate (Grades 5–8)",
    "Topics": "Ancient Civilizations, Indian Freedom Struggle, Medieval Kings, Inventions, Reform Movements",
    "QuestionNumber": 3,
    "QuestionText": "What was the Indus Valley Civilization known for?",
    "CorrectAnswer": "Urban planning and drainage systems",
    "": "",
    "__1": "",
    "__2": ""
  },
  {
    "Subject": "History",
    "Level": "Intermediate (Grades 5–8)",
    "Topics": "Ancient Civilizations, Indian Freedom Struggle, Medieval Kings, Inventions, Reform Movements",
    "QuestionNumber": 4,
    "QuestionText": "What is the importance of 1857 in Indian history?",
    "CorrectAnswer": "First War of Indian Independence",
    "": "",
    "__1": "",
    "__2": ""
  },
  {
    "Subject": "History",
    "Level": "Intermediate (Grades 5–8)",
    "Topics": "Ancient Civilizations, Indian Freedom Struggle, Medieval Kings, Inventions, Reform Movements",
    "QuestionNumber": 5,
    "QuestionText": "Who wrote the Indian Constitution?",
    "CorrectAnswer": "Dr. B. R. Ambedkar",
    "": "",
    "__1": "",
    "__2": ""
  },
  {
    "Subject": "History",
    "Level": "Intermediate (Grades 5–8)",
    "Topics": "Ancient Civilizations, Indian Freedom Struggle, Medieval Kings, Inventions, Reform Movements",
    "QuestionNumber": 6,
    "QuestionText": "Name a famous Mughal emperor.",
    "CorrectAnswer": "Akbar",
    "": "",
    "__1": "",
    "__2": ""
  },
  {
    "Subject": "History",
    "Level": "Intermediate (Grades 5–8)",
    "Topics": "Ancient Civilizations, Indian Freedom Struggle, Medieval Kings, Inventions, Reform Movements",
    "QuestionNumber": 7,
    "QuestionText": "What is the meaning of Satyagraha?",
    "CorrectAnswer": "Non-violent resistance",
    "": "",
    "__1": "",
    "__2": ""
  },
  {
    "Subject": "History",
    "Level": "Intermediate (Grades 5–8)",
    "Topics": "Ancient Civilizations, Indian Freedom Struggle, Medieval Kings, Inventions, Reform Movements",
    "QuestionNumber": 8,
    "QuestionText": "What is a dynasty?",
    "CorrectAnswer": "A line of rulers from the same family",
    "": "",
    "__1": "",
    "__2": ""
  },
  {
    "Subject": "History",
    "Level": "Intermediate (Grades 5–8)",
    "Topics": "Ancient Civilizations, Indian Freedom Struggle, Medieval Kings, Inventions, Reform Movements",
    "QuestionNumber": 9,
    "QuestionText": "When did India get independence?",
    "CorrectAnswer": 1947,
    "": "",
    "__1": "",
    "__2": ""
  },
  {
    "Subject": "History",
    "Level": "Intermediate (Grades 5–8)",
    "Topics": "Ancient Civilizations, Indian Freedom Struggle, Medieval Kings, Inventions, Reform Movements",
    "QuestionNumber": 10,
    "QuestionText": "Name any two social reformers in India.",
    "CorrectAnswer": "Raja Ram Mohan Roy",
    "": "Swami Vivekananda",
    "__1": "",
    "__2": ""
  },
  {
    "Subject": "History",
    "Level": "Intermediate (Grades 5–8)",
    "Topics": "Ancient Civilizations, Indian Freedom Struggle, Medieval Kings, Inventions, Reform Movements",
    "QuestionNumber": 11,
    "QuestionText": "What was the Quit India Movement?",
    "CorrectAnswer": "A movement demanding an end to British rule in India",
    "": "",
    "__1": "",
    "__2": ""
  },
  {
    "Subject": "History",
    "Level": "Intermediate (Grades 5–8)",
    "Topics": "Ancient Civilizations, Indian Freedom Struggle, Medieval Kings, Inventions, Reform Movements",
    "QuestionNumber": 12,
    "QuestionText": "Who were the Mughals?",
    "CorrectAnswer": "A Muslim dynasty that ruled much of India",
    "": "",
    "__1": "",
    "__2": ""
  },
  {
    "Subject": "History",
    "Level": "Intermediate (Grades 5–8)",
    "Topics": "Ancient Civilizations, Indian Freedom Struggle, Medieval Kings, Inventions, Reform Movements",
    "QuestionNumber": 13,
    "QuestionText": "What was the main language during the Mauryan Empire?",
    "CorrectAnswer": "Prakrit",
    "": "",
    "__1": "",
    "__2": ""
  },
  {
    "Subject": "History",
    "Level": "Intermediate (Grades 5–8)",
    "Topics": "Ancient Civilizations, Indian Freedom Struggle, Medieval Kings, Inventions, Reform Movements",
    "QuestionNumber": 14,
    "QuestionText": "What is a historical source?",
    "CorrectAnswer": "Evidence used to study the past",
    "": "",
    "__1": "",
    "__2": ""
  },
  {
    "Subject": "History",
    "Level": "Intermediate (Grades 5–8)",
    "Topics": "Ancient Civilizations, Indian Freedom Struggle, Medieval Kings, Inventions, Reform Movements",
    "QuestionNumber": 15,
    "QuestionText": "When was the Indian National Congress formed?",
    "CorrectAnswer": 1885,
    "": "",
    "__1": "",
    "__2": ""
  },
  {
    "Subject": "History",
    "Level": "Intermediate (Grades 5–8)",
    "Topics": "Ancient Civilizations, Indian Freedom Struggle, Medieval Kings, Inventions, Reform Movements",
    "QuestionNumber": 16,
    "QuestionText": "What was the Dandi March?",
    "CorrectAnswer": "Salt march led by Gandhi in 1930",
    "": "",
    "__1": "",
    "__2": ""
  },
  {
    "Subject": "History",
    "Level": "Intermediate (Grades 5–8)",
    "Topics": "Ancient Civilizations, Indian Freedom Struggle, Medieval Kings, Inventions, Reform Movements",
    "QuestionNumber": 17,
    "QuestionText": "Who was Shivaji Maharaj?",
    "CorrectAnswer": "Founder of the Maratha Empire",
    "": "",
    "__1": "",
    "__2": ""
  },
  {
    "Subject": "History",
    "Level": "Intermediate (Grades 5–8)",
    "Topics": "Ancient Civilizations, Indian Freedom Struggle, Medieval Kings, Inventions, Reform Movements",
    "QuestionNumber": 18,
    "QuestionText": "Which invention changed human communication?",
    "CorrectAnswer": "Printing press",
    "": "",
    "__1": "",
    "__2": ""
  },
  {
    "Subject": "History",
    "Level": "Intermediate (Grades 5–8)",
    "Topics": "Ancient Civilizations, Indian Freedom Struggle, Medieval Kings, Inventions, Reform Movements",
    "QuestionNumber": 19,
    "QuestionText": "What is a sepoy?",
    "CorrectAnswer": "An Indian soldier under British service",
    "": "",
    "__1": "",
    "__2": ""
  },
  {
    "Subject": "History",
    "Level": "Intermediate (Grades 5–8)",
    "Topics": "Ancient Civilizations, Indian Freedom Struggle, Medieval Kings, Inventions, Reform Movements",
    "QuestionNumber": 20,
    "QuestionText": "What are manuscripts?",
    "CorrectAnswer": "Handwritten historical documents",
    "": "",
    "__1": "",
    "__2": ""
  },
  {
    "Subject": "History",
    "Level": "Intermediate (Grades 5–8)",
    "Topics": "Ancient Civilizations, Indian Freedom Struggle, Medieval Kings, Inventions, Reform Movements",
    "QuestionNumber": 21,
    "QuestionText": "What was the Jallianwala Bagh massacre?",
    "CorrectAnswer": "Mass killing of Indians by British troops in 1919",
    "": "",
    "__1": "",
    "__2": ""
  },
  {
    "Subject": "History",
    "Level": "Intermediate (Grades 5–8)",
    "Topics": "Ancient Civilizations, Indian Freedom Struggle, Medieval Kings, Inventions, Reform Movements",
    "QuestionNumber": 22,
    "QuestionText": "What is the Renaissance?",
    "CorrectAnswer": "Revival of art and learning in Europe (14th - 17th century)",
    "": "",
    "__1": "",
    "__2": ""
  },
  {
    "Subject": "History",
    "Level": "Intermediate (Grades 5–8)",
    "Topics": "Ancient Civilizations, Indian Freedom Struggle, Medieval Kings, Inventions, Reform Movements",
    "QuestionNumber": 23,
    "QuestionText": "What was the role of Subhas Chandra Bose in the freedom movement?",
    "CorrectAnswer": "Led the Indian National Army against British rule",
    "": "",
    "__1": "",
    "__2": ""
  },
  {
    "Subject": "History",
    "Level": "Intermediate (Grades 5–8)",
    "Topics": "Ancient Civilizations, Indian Freedom Struggle, Medieval Kings, Inventions, Reform Movements",
    "QuestionNumber": 24,
    "QuestionText": "What is colonization?",
    "CorrectAnswer": "Establishing control over foreign lands and people",
    "": "",
    "__1": "",
    "__2": ""
  }
]