[
  {
    "Subject": "History",
    "Level": "Advanced (Grades 9–College)",
    "Topics": "World Wars, Modern Indian History, Political Movements, Revolution, Empires, Global Connections",
    "QuestionNumber": 1,
    "QuestionText": "Cause of World War I?",
    "CorrectAnswer": "Militarism"
  },
  {
    "Subject": "History",
    "Level": "Advanced (Grades 9–College)",
    "Topics": "World Wars, Modern Indian History, Political Movements, Revolution, Empires, Global Connections",
    "QuestionNumber": 2,
    "QuestionText": "Outcome of World War II?",
    "CorrectAnswer": "UN"
  },
  {
    "Subject": "History",
    "Level": "Advanced (Grades 9–College)",
    "Topics": "World Wars, Modern Indian History, Political Movements, Revolution, Empires, Global Connections",
    "QuestionNumber": 3,
    "QuestionText": "Year of Partition of India?",
    "CorrectAnswer": 1947
  },
  {
    "Subject": "History",
    "Level": "Advanced (Grades 9–College)",
    "Topics": "World Wars, Modern Indian History, Political Movements, Revolution, Empires, Global Connections",
    "QuestionNumber": 4,
    "QuestionText": "Leader of Non-Cooperation Movement?",
    "CorrectAnswer": "Gandhi"
  },
  {
    "Subject": "History",
    "Level": "Advanced (Grades 9–College)",
    "Topics": "World Wars, Modern Indian History, Political Movements, Revolution, Empires, Global Connections",
    "QuestionNumber": 5,
    "QuestionText": "Who led INA?",
    "CorrectAnswer": "Subhas"
  },
  {
    "Subject": "History",
    "Level": "Advanced (Grades 9–College)",
    "Topics": "World Wars, Modern Indian History, Political Movements, Revolution, Empires, Global Connections",
    "QuestionNumber": 6,
    "QuestionText": "Year of Simon Commission?",
    "CorrectAnswer": 1928
  },
  {
    "Subject": "History",
    "Level": "Advanced (Grades 9–College)",
    "Topics": "World Wars, Modern Indian History, Political Movements, Revolution, Empires, Global Connections",
    "QuestionNumber": 7,
    "QuestionText": "Key invention of Industrial Revolution?",
    "CorrectAnswer": "Steam"
  },
  {
    "Subject": "History",
    "Level": "Advanced (Grades 9–College)",
    "Topics": "World Wars, Modern Indian History, Political Movements, Revolution, Empires, Global Connections",
    "QuestionNumber": 8,
    "QuestionText": "Empire that fell in 476 AD?",
    "CorrectAnswer": "Roman"
  },
  {
    "Subject": "History",
    "Level": "Advanced (Grades 9–College)",
    "Topics": "World Wars, Modern Indian History, Political Movements, Revolution, Empires, Global Connections",
    "QuestionNumber": 9,
    "QuestionText": "Country that gained independence in 1776?",
    "CorrectAnswer": "USA"
  },
  {
    "Subject": "History",
    "Level": "Advanced (Grades 9–College)",
    "Topics": "World Wars, Modern Indian History, Political Movements, Revolution, Empires, Global Connections",
    "QuestionNumber": 10,
    "QuestionText": "Female leader in Indian freedom struggle?",
    "CorrectAnswer": "Sarojini"
  },
  {
    "Subject": "History",
    "Level": "Advanced (Grades 9–College)",
    "Topics": "World Wars, Modern Indian History, Political Movements, Revolution, Empires, Global Connections",
    "QuestionNumber": 11,
    "QuestionText": "System of medieval hierarchy?",
    "CorrectAnswer": "Feudalism"
  },
  {
    "Subject": "History",
    "Level": "Advanced (Grades 9–College)",
    "Topics": "World Wars, Modern Indian History, Political Movements, Revolution, Empires, Global Connections",
    "QuestionNumber": 12,
    "QuestionText": "Common feature of Nazism & Fascism?",
    "CorrectAnswer": "Dictatorship"
  },
  {
    "Subject": "History",
    "Level": "Advanced (Grades 9–College)",
    "Topics": "World Wars, Modern Indian History, Political Movements, Revolution, Empires, Global Connections",
    "QuestionNumber": 13,
    "QuestionText": "Post-WWII global tension?",
    "CorrectAnswer": "ColdWar"
  },
  {
    "Subject": "History",
    "Level": "Advanced (Grades 9–College)",
    "Topics": "World Wars, Modern Indian History, Political Movements, Revolution, Empires, Global Connections",
    "QuestionNumber": 14,
    "QuestionText": "Revolution that inspired Europe?",
    "CorrectAnswer": "French"
  },
  {
    "Subject": "History",
    "Level": "Advanced (Grades 9–College)",
    "Topics": "World Wars, Modern Indian History, Political Movements, Revolution, Empires, Global Connections",
    "QuestionNumber": 15,
    "QuestionText": "Colonial impact on Indian economy?",
    "CorrectAnswer": "Drain"
  },
  {
    "Subject": "History",
    "Level": "Advanced (Grades 9–College)",
    "Topics": "World Wars, Modern Indian History, Political Movements, Revolution, Empires, Global Connections",
    "QuestionNumber": 16,
    "QuestionText": "Political ideology uniting people?",
    "CorrectAnswer": "Nationalism"
  },
  {
    "Subject": "History",
    "Level": "Advanced (Grades 9–College)",
    "Topics": "World Wars, Modern Indian History, Political Movements, Revolution, Empires, Global Connections",
    "QuestionNumber": 17,
    "QuestionText": "Type of firsthand source?",
    "CorrectAnswer": "Primary"
  },
  {
    "Subject": "History",
    "Level": "Advanced (Grades 9–College)",
    "Topics": "World Wars, Modern Indian History, Political Movements, Revolution, Empires, Global Connections",
    "QuestionNumber": 18,
    "QuestionText": "Global figure of non-violence?",
    "CorrectAnswer": "Gandhi"
  },
  {
    "Subject": "History",
    "Level": "Advanced (Grades 9–College)",
    "Topics": "World Wars, Modern Indian History, Political Movements, Revolution, Empires, Global Connections",
    "QuestionNumber": 19,
    "QuestionText": "French emperor defeated at Waterloo?",
    "CorrectAnswer": "Napoleon"
  },
  {
    "Subject": "History",
    "Level": "Advanced (Grades 9–College)",
    "Topics": "World Wars, Modern Indian History, Political Movements, Revolution, Empires, Global Connections",
    "QuestionNumber": 20,
    "QuestionText": "British annexation policy?",
    "CorrectAnswer": "Lapse"
  },
  {
    "Subject": "History",
    "Level": "Advanced (Grades 9–College)",
    "Topics": "World Wars, Modern Indian History, Political Movements, Revolution, Empires, Global Connections",
    "QuestionNumber": 21,
    "QuestionText": "Policy of extending empire?",
    "CorrectAnswer": "Imperialism"
  },
  {
    "Subject": "History",
    "Level": "Advanced (Grades 9–College)",
    "Topics": "World Wars, Modern Indian History, Political Movements, Revolution, Empires, Global Connections",
    "QuestionNumber": 22,
    "QuestionText": "Scientific revolution century?",
    "CorrectAnswer": "17th"
  },
  {
    "Subject": "History",
    "Level": "Advanced (Grades 9–College)",
    "Topics": "World Wars, Modern Indian History, Political Movements, Revolution, Empires, Global Connections",
    "QuestionNumber": 23,
    "QuestionText": "Origin of democracy?",
    "CorrectAnswer": "Greece"
  },
  {
    "Subject": "History",
    "Level": "Advanced (Grades 9–College)",
    "Topics": "World Wars, Modern Indian History, Political Movements, Revolution, Empires, Global Connections",
    "QuestionNumber": 24,
    "QuestionText": "Symbol of Cold War in Berlin?",
    "CorrectAnswer": "Wall"
  },
  {
    "Subject": "History",
    "Level": "Advanced (Grades 9–College)",
    "Topics": "World Wars, Modern Indian History, Political Movements, Revolution, Empires, Global Connections",
    "QuestionNumber": 25,
    "QuestionText": "India became republic in year?",
    "CorrectAnswer": 1950
  }
]