[
  {
    "Subject": "History",
    "Level": "Beginner (Grades 1-4)",
    "Topics": "Important People, Simple Timelines, Festivals, Monuments, Everyday Life in the Past",
    "QuestionNumber": 1,
    "QuestionText": "Who was the first President of India?",
    "CorrectAnswer": "Dr. Rajendra Prasad"
  },
  {
    "Subject": "History",
    "Level": "Beginner (Grades 1-4)",
    "Topics": "Important People, Simple Timelines, Festivals, Monuments, Everyday Life in the Past",
    "QuestionNumber": 2,
    "QuestionText": "What is the Taj Mahal?",
    "CorrectAnswer": "A monument"
  },
  {
    "Subject": "History",
    "Level": "Beginner (Grades 1-4)",
    "Topics": "Important People, Simple Timelines, Festivals, Monuments, Everyday Life in the Past",
    "QuestionNumber": 3,
    "QuestionText": "Who fought for India's freedom without violence?",
    "CorrectAnswer": "Mahatma Gandhi"
  },
  {
    "Subject": "History",
    "Level": "Beginner (Grades 1-4)",
    "Topics": "Important People, Simple Timelines, Festivals, Monuments, Everyday Life in the Past",
    "QuestionNumber": 4,
    "QuestionText": "What do we celebrate on 15th August?",
    "CorrectAnswer": "Independence Day"
  },
  {
    "Subject": "History",
    "Level": "Beginner (Grades 1-4)",
    "Topics": "Important People, Simple Timelines, Festivals, Monuments, Everyday Life in the Past",
    "QuestionNumber": 5,
    "QuestionText": "What is history the study of?",
    "CorrectAnswer": "The past"
  },
  {
    "Subject": "History",
    "Level": "Beginner (Grades 1-4)",
    "Topics": "Important People, Simple Timelines, Festivals, Monuments, Everyday Life in the Past",
    "QuestionNumber": 6,
    "QuestionText": "Who is known as the “Father of the Nation”?",
    "CorrectAnswer": "Mahatma Gandhi"
  },
  {
    "Subject": "History",
    "Level": "Beginner (Grades 1-4)",
    "Topics": "Important People, Simple Timelines, Festivals, Monuments, Everyday Life in the Past",
    "QuestionNumber": 7,
    "QuestionText": "Name one famous king from Indian history",
    "CorrectAnswer": "Ashoka"
  },
  {
    "Subject": "History",
    "Level": "Beginner (Grades 1-4)",
    "Topics": "Important People, Simple Timelines, Festivals, Monuments, Everyday Life in the Past",
    "QuestionNumber": 8,
    "QuestionText": "What do kings and queens live in?",
    "CorrectAnswer": "Palace"
  },
  {
    "Subject": "History",
    "Level": "Beginner (Grades 1-4)",
    "Topics": "Important People, Simple Timelines, Festivals, Monuments, Everyday Life in the Past",
    "QuestionNumber": 9,
    "QuestionText": "Which festival celebrates the birth of Lord Krishna?",
    "CorrectAnswer": "Janmashtami"
  },
  {
    "Subject": "History",
    "Level": "Beginner (Grades 1-4)",
    "Topics": "Important People, Simple Timelines, Festivals, Monuments, Everyday Life in the Past",
    "QuestionNumber": 10,
    "QuestionText": "Where do we see old coins and swords?",
    "CorrectAnswer": "Museum"
  },
  {
    "Subject": "History",
    "Level": "Beginner (Grades 1-4)",
    "Topics": "Important People, Simple Timelines, Festivals, Monuments, Everyday Life in the Past",
    "QuestionNumber": 11,
    "QuestionText": "Who discovered America?",
    "CorrectAnswer": "Christopher Columbus"
  },
  {
    "Subject": "History",
    "Level": "Beginner (Grades 1-4)",
    "Topics": "Important People, Simple Timelines, Festivals, Monuments, Everyday Life in the Past",
    "QuestionNumber": 12,
    "QuestionText": "What did people use to travel in olden days?",
    "CorrectAnswer": "Bullock carts"
  },
  {
    "Subject": "History",
    "Level": "Beginner (Grades 1-4)",
    "Topics": "Important People, Simple Timelines, Festivals, Monuments, Everyday Life in the Past",
    "QuestionNumber": 13,
    "QuestionText": "Who was Rani Lakshmibai?",
    "CorrectAnswer": "A freedom fighter"
  },
  {
    "Subject": "History",
    "Level": "Beginner (Grades 1-4)",
    "Topics": "Important People, Simple Timelines, Festivals, Monuments, Everyday Life in the Past",
    "QuestionNumber": 14,
    "QuestionText": "What do we celebrate on 26th January?",
    "CorrectAnswer": "Republic Day"
  },
  {
    "Subject": "History",
    "Level": "Beginner (Grades 1-4)",
    "Topics": "Important People, Simple Timelines, Festivals, Monuments, Everyday Life in the Past",
    "QuestionNumber": 15,
    "QuestionText": "Name a freedom fighter whose name starts with “B”.",
    "CorrectAnswer": "Bhagat Singh"
  },
  {
    "Subject": "History",
    "Level": "Beginner (Grades 1-4)",
    "Topics": "Important People, Simple Timelines, Festivals, Monuments, Everyday Life in the Past",
    "QuestionNumber": 16,
    "QuestionText": "What do we call people who study history?",
    "CorrectAnswer": "Historians"
  },
  {
    "Subject": "History",
    "Level": "Beginner (Grades 1-4)",
    "Topics": "Important People, Simple Timelines, Festivals, Monuments, Everyday Life in the Past",
    "QuestionNumber": 17,
    "QuestionText": "What is a monument?",
    "CorrectAnswer": "An old structure of importance"
  },
  {
    "Subject": "History",
    "Level": "Beginner (Grades 1-4)",
    "Topics": "Important People, Simple Timelines, Festivals, Monuments, Everyday Life in the Past",
    "QuestionNumber": 18,
    "QuestionText": "What was used to write before pens were invented?",
    "CorrectAnswer": "Feathers or sticks"
  },
  {
    "Subject": "History",
    "Level": "Beginner (Grades 1-4)",
    "Topics": "Important People, Simple Timelines, Festivals, Monuments, Everyday Life in the Past",
    "QuestionNumber": 19,
    "QuestionText": "Which bird is the national symbol of India?",
    "CorrectAnswer": "Peacock"
  },
  {
    "Subject": "History",
    "Level": "Beginner (Grades 1-4)",
    "Topics": "Important People, Simple Timelines, Festivals, Monuments, Everyday Life in the Past",
    "QuestionNumber": 20,
    "QuestionText": "What is an old building that tells us about the past?",
    "CorrectAnswer": "Monument"
  },
  {
    "Subject": "History",
    "Level": "Beginner (Grades 1-4)",
    "Topics": "Important People, Simple Timelines, Festivals, Monuments, Everyday Life in the Past",
    "QuestionNumber": 21,
    "QuestionText": "Who was the first Prime Minister of India?",
    "CorrectAnswer": "Jawaharlal Nehru"
  },
  {
    "Subject": "History",
    "Level": "Beginner (Grades 1-4)",
    "Topics": "Important People, Simple Timelines, Festivals, Monuments, Everyday Life in the Past",
    "QuestionNumber": 22,
    "QuestionText": "What is the Red Fort?",
    "CorrectAnswer": "A historical fort"
  },
  {
    "Subject": "History",
    "Level": "Beginner (Grades 1-4)",
    "Topics": "Important People, Simple Timelines, Festivals, Monuments, Everyday Life in the Past",
    "QuestionNumber": 23,
    "QuestionText": "Which animal was used in war in ancient times?",
    "CorrectAnswer": "Elephant"
  },
  {
    "Subject": "History",
    "Level": "Beginner (Grades 1-4)",
    "Topics": "Important People, Simple Timelines, Festivals, Monuments, Everyday Life in the Past",
    "QuestionNumber": 24,
    "QuestionText": "Name a famous ancient Indian temple",
    "CorrectAnswer": "Brihadeeswarar Temple"
  },
  {
    "Subject": "History",
    "Level": "Beginner (Grades 1-4)",
    "Topics": "Important People, Simple Timelines, Festivals, Monuments, Everyday Life in the Past",
    "QuestionNumber": 25,
    "QuestionText": "What does a museum have?",
    "CorrectAnswer": "Old and historical items"
  }
]