[
  {
    "subject": "Logical Reasoning",
    "level": "Advanced (Grades 9–College)",
    "topics": "Mathematical Reasoning, Coding-Decoding, Direction Sense, Venn Diagrams, Logical Deduction",
    "question_number": 1,
    "question_text": "What is the next term in the series: 2, 4, 8, 16, ___?",
    "options": "",
    "correct_answer": "32"
  },
  {
    "subject": "Logical Reasoning",
    "level": "Advanced (Grades 9–College)",
    "topics": "Mathematical Reasoning, Coding-Decoding, Direction Sense, Venn Diagrams, Logical Deduction",
    "question_number": 2,
    "question_text": "In a family, if A is the father of B and C is the brother of B, what is the relation of A to C?",
    "options": "",
    "correct_answer": "Father"
  },
  {
    "subject": "Logical Reasoning",
    "level": "Advanced (Grades 9–College)",
    "topics": "Mathematical Reasoning, Coding-Decoding, Direction Sense, Venn Diagrams, Logical Deduction",
    "question_number": 3,
    "question_text": "If ‘C’ stands for ‘Coffee’ and ‘B’ stands for ‘Brew’, what does ‘D’ stand for in the sequence?",
    "options": "",
    "correct_answer": "Drink"
  },
  {
    "subject": "Logical Reasoning",
    "level": "Advanced (Grades 9–College)",
    "topics": "Mathematical Reasoning, Coding-Decoding, Direction Sense, Venn Diagrams, Logical Deduction",
    "question_number": 4,
    "question_text": "What comes next in the series: 7, 10, 13, 16, ___?",
    "options": "",
    "correct_answer": "19"
  },
  {
    "subject": "Logical Reasoning",
    "level": "Advanced (Grades 9–College)",
    "topics": "Mathematical Reasoning, Coding-Decoding, Direction Sense, Venn Diagrams, Logical Deduction",
    "question_number": 5,
    "question_text": "If all roses are flowers, and all flowers are plants, then what are roses?",
    "options": "",
    "correct_answer": "Plants"
  },
  {
    "subject": "Logical Reasoning",
    "level": "Advanced (Grades 9–College)",
    "topics": "Mathematical Reasoning, Coding-Decoding, Direction Sense, Venn Diagrams, Logical Deduction",
    "question_number": 6,
    "question_text": "What is the cube root of 729?",
    "options": "",
    "correct_answer": "9"
  },
  {
    "subject": "Logical Reasoning",
    "level": "Advanced (Grades 9–College)",
    "topics": "Mathematical Reasoning, Coding-Decoding, Direction Sense, Venn Diagrams, Logical Deduction",
    "question_number": 7,
    "question_text": "What is the value of x if 5x – 3 = 17?",
    "options": "",
    "correct_answer": "4"
  },
  {
    "subject": "Logical Reasoning",
    "level": "Advanced (Grades 9–College)",
    "topics": "Mathematical Reasoning, Coding-Decoding, Direction Sense, Venn Diagrams, Logical Deduction",
    "question_number": 8,
    "question_text": "How many sides does a regular hexagon have?",
    "options": "",
    "correct_answer": "Six"
  },
  {
    "subject": "Logical Reasoning",
    "level": "Advanced (Grades 9–College)",
    "topics": "Mathematical Reasoning, Coding-Decoding, Direction Sense, Venn Diagrams, Logical Deduction",
    "question_number": 9,
    "question_text": "If a clock shows 5:00, what is the angle between the hour and minute hands?",
    "options": "",
    "correct_answer": "150°"
  },
  {
    "subject": "Logical Reasoning",
    "level": "Advanced (Grades 9–College)",
    "topics": "Mathematical Reasoning, Coding-Decoding, Direction Sense, Venn Diagrams, Logical Deduction",
    "question_number": 10,
    "question_text": "What is the next number in the series: 2, 6, 12, 20, ___?",
    "options": "",
    "correct_answer": "30"
  },
  {
    "subject": "Logical Reasoning",
    "level": "Advanced (Grades 9–College)",
    "topics": "Mathematical Reasoning, Coding-Decoding, Direction Sense, Venn Diagrams, Logical Deduction",
    "question_number": 11,
    "question_text": "What is the smallest prime number?",
    "options": "",
    "correct_answer": "2"
  },
  {
    "subject": "Logical Reasoning",
    "level": "Advanced (Grades 9–College)",
    "topics": "Mathematical Reasoning, Coding-Decoding, Direction Sense, Venn Diagrams, Logical Deduction",
    "question_number": 12,
    "question_text": "Which number is divisible by both 5 and 10?",
    "options": "",
    "correct_answer": "10"
  },
  {
    "subject": "Logical Reasoning",
    "level": "Advanced (Grades 9–College)",
    "topics": "Mathematical Reasoning, Coding-Decoding, Direction Sense, Venn Diagrams, Logical Deduction",
    "question_number": 13,
    "question_text": "If all the pencils are pens, and some pens are markers, are all the pencils markers?",
    "options": "",
    "correct_answer": "No"
  },
  {
    "subject": "Logical Reasoning",
    "level": "Advanced (Grades 9–College)",
    "topics": "Mathematical Reasoning, Coding-Decoding, Direction Sense, Venn Diagrams, Logical Deduction",
    "question_number": 14,
    "question_text": "What comes next in this series: 3, 6, 12, 24, ___?",
    "options": "",
    "correct_answer": "48"
  },
  {
    "subject": "Logical Reasoning",
    "level": "Advanced (Grades 9–College)",
    "topics": "Mathematical Reasoning, Coding-Decoding, Direction Sense, Venn Diagrams, Logical Deduction",
    "question_number": 15,
    "question_text": "If “dog” is to “puppy,” then “cat” is to ___?",
    "options": "",
    "correct_answer": "Kitten"
  },
  {
    "subject": "Logical Reasoning",
    "level": "Advanced (Grades 9–College)",
    "topics": "Mathematical Reasoning, Coding-Decoding, Direction Sense, Venn Diagrams, Logical Deduction",
    "question_number": 16,
    "question_text": "If a number is divisible by 2 and 3, it is divisible by ___?",
    "options": "",
    "correct_answer": "6"
  },
  {
    "subject": "Logical Reasoning",
    "level": "Advanced (Grades 9–College)",
    "topics": "Mathematical Reasoning, Coding-Decoding, Direction Sense, Venn Diagrams, Logical Deduction",
    "question_number": 17,
    "question_text": "What comes next: M, O, Q, S, ___?",
    "options": "",
    "correct_answer": "U"
  },
  {
    "subject": "Logical Reasoning",
    "level": "Advanced (Grades 9–College)",
    "topics": "Mathematical Reasoning, Coding-Decoding, Direction Sense, Venn Diagrams, Logical Deduction",
    "question_number": 18,
    "question_text": "If 7% of a number is 7, what is the number?",
    "options": "",
    "correct_answer": "100"
  },
  {
    "subject": "Logical Reasoning",
    "level": "Advanced (Grades 9–College)",
    "topics": "Mathematical Reasoning, Coding-Decoding, Direction Sense, Venn Diagrams, Logical Deduction",
    "question_number": 19,
    "question_text": "Which of the following is a perfect square: 35, 49, 64, 81?",
    "options": "",
    "correct_answer": "49"
  },
  {
    "subject": "Logical Reasoning",
    "level": "Advanced (Grades 9–College)",
    "topics": "Mathematical Reasoning, Coding-Decoding, Direction Sense, Venn Diagrams, Logical Deduction",
    "question_number": 20,
    "question_text": "Which of these is the odd one out: Heart, Kidney, Lung, Hand?",
    "options": "",
    "correct_answer": "Hand"
  },
  {
    "subject": "Logical Reasoning",
    "level": "Advanced (Grades 9–College)",
    "topics": "Mathematical Reasoning, Coding-Decoding, Direction Sense, Venn Diagrams, Logical Deduction",
    "question_number": 21,
    "question_text": "What is the area of a square with side length 5?",
    "options": "",
    "correct_answer": "25"
  },
  {
    "subject": "Logical Reasoning",
    "level": "Advanced (Grades 9–College)",
    "topics": "Mathematical Reasoning, Coding-Decoding, Direction Sense, Venn Diagrams, Logical Deduction",
    "question_number": 22,
    "question_text": "What is the sum of the interior angles of a triangle?",
    "options": "",
    "correct_answer": "180°"
  },
  {
    "subject": "Logical Reasoning",
    "level": "Advanced (Grades 9–College)",
    "topics": "Mathematical Reasoning, Coding-Decoding, Direction Sense, Venn Diagrams, Logical Deduction",
    "question_number": 23,
    "question_text": "Which of these is not a prime number: 37, 39, 41, 43?",
    "options": "",
    "correct_answer": "39"
  },
  {
    "subject": "Logical Reasoning",
    "level": "Advanced (Grades 9–College)",
    "topics": "Mathematical Reasoning, Coding-Decoding, Direction Sense, Venn Diagrams, Logical Deduction",
    "question_number": 24,
    "question_text": "What comes next in the sequence: 1, 4, 9, 16, ___?",
    "options": "",
    "correct_answer": "25"
  },
  {
    "subject": "Logical Reasoning",
    "level": "Advanced (Grades 9–College)",
    "topics": "Mathematical Reasoning, Coding-Decoding, Direction Sense, Venn Diagrams, Logical Deduction",
    "question_number": 25,
    "question_text": "If the first two statements are true, is the final statement true?\n• All birds have feathers.\n• All penguins are birds.\n• All penguins have feathers.",
    "options": "",
    "correct_answer": "True"
  }
]