[
  {
    "subject": "Logical Reasoning",
    "level": "Beginner (Grades 1–4)",
    "topics": "Patterns, Shapes, Sequences, Basic Puzzles",
    "question_number": 1,
    "question_text": "What comes next in this sequence: 1, 2, 3, 4, ___?",
    "correct_answer": "5"
  },
  {
    "subject": "Logical Reasoning",
    "level": "Beginner (Grades 1–4)",
    "topics": "Patterns, Shapes, Sequences, Basic Puzzles",
    "question_number": 2,
    "question_text": "If you have two apples and take one away, how many are left?",
    "correct_answer": "One"
  },
  {
    "subject": "Logical Reasoning",
    "level": "Beginner (Grades 1–4)",
    "topics": "Patterns, Shapes, Sequences, Basic Puzzles",
    "question_number": 3,
    "question_text": "Which shape has three sides?",
    "correct_answer": "Triangle"
  },
  {
    "subject": "Logical Reasoning",
    "level": "Beginner (Grades 1–4)",
    "topics": "Patterns, Shapes, Sequences, Basic Puzzles",
    "question_number": 4,
    "question_text": "What is the opposite of hot?",
    "correct_answer": "Cold"
  },
  {
    "subject": "Logical Reasoning",
    "level": "Beginner (Grades 1–4)",
    "topics": "Patterns, Shapes, Sequences, Basic Puzzles",
    "question_number": 5,
    "question_text": "What is the next number in this sequence: 2, 4, 6, 8, ___?",
    "correct_answer": "10"
  },
  {
    "subject": "Logical Reasoning",
    "level": "Beginner (Grades 1–4)",
    "topics": "Patterns, Shapes, Sequences, Basic Puzzles",
    "question_number": 6,
    "question_text": "What color is the sun during the day?",
    "correct_answer": "Yellow"
  },
  {
    "subject": "Logical Reasoning",
    "level": "Beginner (Grades 1–4)",
    "topics": "Patterns, Shapes, Sequences, Basic Puzzles",
    "question_number": 7,
    "question_text": "How many legs do spiders have?",
    "correct_answer": "Eight"
  },
  {
    "subject": "Logical Reasoning",
    "level": "Beginner (Grades 1–4)",
    "topics": "Patterns, Shapes, Sequences, Basic Puzzles",
    "question_number": 8,
    "question_text": "Which animal says \"meow\"?",
    "correct_answer": "Cat"
  },
  {
    "subject": "Logical Reasoning",
    "level": "Beginner (Grades 1–4)",
    "topics": "Patterns, Shapes, Sequences, Basic Puzzles",
    "question_number": 9,
    "question_text": "What comes after Wednesday?",
    "correct_answer": "Thursday"
  },
  {
    "subject": "Logical Reasoning",
    "level": "Beginner (Grades 1–4)",
    "topics": "Patterns, Shapes, Sequences, Basic Puzzles",
    "question_number": 10,
    "question_text": "What is the name of the fourth month of the year?",
    "correct_answer": "April"
  },
  {
    "subject": "Logical Reasoning",
    "level": "Beginner (Grades 1–4)",
    "topics": "Patterns, Shapes, Sequences, Basic Puzzles",
    "question_number": 11,
    "question_text": "Which of these is a fruit: apple, dog, table?",
    "correct_answer": "Apple"
  },
  {
    "subject": "Logical Reasoning",
    "level": "Beginner (Grades 1–4)",
    "topics": "Patterns, Shapes, Sequences, Basic Puzzles",
    "question_number": 12,
    "question_text": "What shape is a coin?",
    "correct_answer": "Circle"
  },
  {
    "subject": "Logical Reasoning",
    "level": "Beginner (Grades 1–4)",
    "topics": "Patterns, Shapes, Sequences, Basic Puzzles",
    "question_number": 13,
    "question_text": "What is the smallest number?",
    "correct_answer": "Zero"
  },
  {
    "subject": "Logical Reasoning",
    "level": "Beginner (Grades 1–4)",
    "topics": "Patterns, Shapes, Sequences, Basic Puzzles",
    "question_number": 14,
    "question_text": "What do you call a baby dog?",
    "correct_answer": "Puppy"
  },
  {
    "subject": "Logical Reasoning",
    "level": "Beginner (Grades 1–4)",
    "topics": "Patterns, Shapes, Sequences, Basic Puzzles",
    "question_number": 15,
    "question_text": "How many days are in a week?",
    "correct_answer": "Seven"
  },
  {
    "subject": "Logical Reasoning",
    "level": "Beginner (Grades 1–4)",
    "topics": "Patterns, Shapes, Sequences, Basic Puzzles",
    "question_number": 16,
    "question_text": "Which month comes after January?",
    "correct_answer": "February"
  },
  {
    "subject": "Logical Reasoning",
    "level": "Beginner (Grades 1–4)",
    "topics": "Patterns, Shapes, Sequences, Basic Puzzles",
    "question_number": 17,
    "question_text": "What shape has four equal sides?",
    "correct_answer": "Square"
  },
  {
    "subject": "Logical Reasoning",
    "level": "Beginner (Grades 1–4)",
    "topics": "Patterns, Shapes, Sequences, Basic Puzzles",
    "question_number": 18,
    "question_text": "Which direction is opposite of up?",
    "correct_answer": "Down"
  },
  {
    "subject": "Logical Reasoning",
    "level": "Beginner (Grades 1–4)",
    "topics": "Patterns, Shapes, Sequences, Basic Puzzles",
    "question_number": 19,
    "question_text": "How many vowels are in the alphabet?",
    "correct_answer": "Five"
  },
  {
    "subject": "Logical Reasoning",
    "level": "Beginner (Grades 1–4)",
    "topics": "Patterns, Shapes, Sequences, Basic Puzzles",
    "question_number": 20,
    "question_text": "What is the first letter of the alphabet?",
    "correct_answer": "A"
  },
  {
    "subject": "Logical Reasoning",
    "level": "Beginner (Grades 1–4)",
    "topics": "Patterns, Shapes, Sequences, Basic Puzzles",
    "question_number": 21,
    "question_text": "Which animal is known as the king of the jungle?",
    "correct_answer": "Lion"
  },
  {
    "subject": "Logical Reasoning",
    "level": "Beginner (Grades 1–4)",
    "topics": "Patterns, Shapes, Sequences, Basic Puzzles",
    "question_number": 22,
    "question_text": "What comes next in the series: 10, 20, 30, ___?",
    "correct_answer": "40"
  },
  {
    "subject": "Logical Reasoning",
    "level": "Beginner (Grades 1–4)",
    "topics": "Patterns, Shapes, Sequences, Basic Puzzles",
    "question_number": 23,
    "question_text": "What do we use to write on a blackboard?",
    "correct_answer": "Chalk"
  },
  {
    "subject": "Logical Reasoning",
    "level": "Beginner (Grades 1–4)",
    "topics": "Patterns, Shapes, Sequences, Basic Puzzles",
    "question_number": 24,
    "question_text": "Which color do you get by mixing red and blue?",
    "correct_answer": "Purple"
  },
  {
    "subject": "Logical Reasoning",
    "level": "Beginner (Grades 1–4)",
    "topics": "Patterns, Shapes, Sequences, Basic Puzzles",
    "question_number": 25,
    "question_text": "What do we call the morning meal?",
    "correct_answer": "Breakfast"
  }
]