[
    {
        "subject": "Logical Reasoning",
        "level": "Intermediate (Grades 5–8)",
        "topics": "Number Series, Analogies, Direction Sense, Blood Relations, Puzzles",
        "question_number": 1,
        "question_text": "What is the next number in this sequence: 3, 6, 9, 12, ___?",
        "options": "",
        "correct_answer": "15"
    },
    {
        "subject": "Logical Reasoning",
        "level": "Intermediate (Grades 5–8)",
        "topics": "Number Series, Analogies, Direction Sense, Blood Relations, Puzzles",
        "question_number": 2,
        "question_text": "If you rearrange the letters “C O O K,” what word do you get?",
        "options": "",
        "correct_answer": "COOK"
    },
    {
        "subject": "Logical Reasoning",
        "level": "Intermediate (Grades 5–8)",
        "topics": "Number Series, Analogies, Direction Sense, Blood Relations, Puzzles",
        "question_number": 3,
        "question_text": "What is the missing number in the sequence: 5, 10, 20, 40, ___?",
        "options": "",
        "correct_answer": "80"
    },
    {
        "subject": "Logical Reasoning",
        "level": "Intermediate (Grades 5–8)",
        "topics": "Number Series, Analogies, Direction Sense, Blood Relations, Puzzles",
        "question_number": 4,
        "question_text": "Which number is odd: 24, 32, 41, 50?",
        "options": "",
        "correct_answer": "41"
    },
    {
        "subject": "Logical Reasoning",
        "level": "Intermediate (Grades 5–8)",
        "topics": "Number Series, Analogies, Direction Sense, Blood Relations, Puzzles",
        "question_number": 5,
        "question_text": "What comes next: A, C, E, G, ___?",
        "options": "",
        "correct_answer": "I"
    },
    {
        "subject": "Logical Reasoning",
        "level": "Intermediate (Grades 5–8)",
        "topics": "Number Series, Analogies, Direction Sense, Blood Relations, Puzzles",
        "question_number": 6,
        "question_text": "If two pencils cost 40 cents, how much will five pencils cost?",
        "options": "",
        "correct_answer": "1"
    },
    {
        "subject": "Logical Reasoning",
        "level": "Intermediate (Grades 5–8)",
        "topics": "Number Series, Analogies, Direction Sense, Blood Relations, Puzzles",
        "question_number": 7,
        "question_text": "Which is the odd one out: Dog, Cat, Elephant, Lion?",
        "options": "",
        "correct_answer": "Elephant"
    },
    {
        "subject": "Logical Reasoning",
        "level": "Intermediate (Grades 5–8)",
        "topics": "Number Series, Analogies, Direction Sense, Blood Relations, Puzzles",
        "question_number": 8,
        "question_text": "If a train is moving north and you turn left, which direction will you face?",
        "options": "",
        "correct_answer": "West"
    },
    {
        "subject": "Logical Reasoning",
        "level": "Intermediate (Grades 5–8)",
        "topics": "Number Series, Analogies, Direction Sense, Blood Relations, Puzzles",
        "question_number": 9,
        "question_text": "Which number is the missing one in the series: 1, 4, 9, 16, ___?",
        "options": "",
        "correct_answer": "25"
    },
    {
        "subject": "Logical Reasoning",
        "level": "Intermediate (Grades 5–8)",
        "topics": "Number Series, Analogies, Direction Sense, Blood Relations, Puzzles",
        "question_number": 10,
        "question_text": "What is the relationship between 7 and 49?",
        "options": "",
        "correct_answer": "Square"
    },
    {
        "subject": "Logical Reasoning",
        "level": "Intermediate (Grades 5–8)",
        "topics": "Number Series, Analogies, Direction Sense, Blood Relations, Puzzles",
        "question_number": 11,
        "question_text": "What comes next in the pattern: Z, Y, X, W, ___?",
        "options": "",
        "correct_answer": "V"
    },
    {
        "subject": "Logical Reasoning",
        "level": "Intermediate (Grades 5–8)",
        "topics": "Number Series, Analogies, Direction Sense, Blood Relations, Puzzles",
        "question_number": 12,
        "question_text": "If you reverse the number 123, what do you get?",
        "options": "",
        "correct_answer": "321"
    },
    {
        "subject": "Logical Reasoning",
        "level": "Intermediate (Grades 5–8)",
        "topics": "Number Series, Analogies, Direction Sense, Blood Relations, Puzzles",
        "question_number": 13,
        "question_text": "Which is heavier: 500 grams of iron or 500 grams of cotton?",
        "options": "",
        "correct_answer": "Equal"
    },
    {
        "subject": "Logical Reasoning",
        "level": "Intermediate (Grades 5–8)",
        "topics": "Number Series, Analogies, Direction Sense, Blood Relations, Puzzles",
        "question_number": 14,
        "question_text": "In which direction is the sun setting?",
        "options": "",
        "correct_answer": "West"
    },
    {
        "subject": "Logical Reasoning",
        "level": "Intermediate (Grades 5–8)",
        "topics": "Number Series, Analogies, Direction Sense, Blood Relations, Puzzles",
        "question_number": 15,
        "question_text": "What do you call a person who helps in a library?",
        "options": "",
        "correct_answer": "Librarian"
    },
    {
        "subject": "Logical Reasoning",
        "level": "Intermediate (Grades 5–8)",
        "topics": "Number Series, Analogies, Direction Sense, Blood Relations, Puzzles",
        "question_number": 16,
        "question_text": "If today is Monday, what will be the day after 17 days?",
        "options": "",
        "correct_answer": "Thursday"
    },
    {
        "subject": "Logical Reasoning",
        "level": "Intermediate (Grades 5–8)",
        "topics": "Number Series, Analogies, Direction Sense, Blood Relations, Puzzles",
        "question_number": 17,
        "question_text": "Which of these numbers is divisible by 3: 18, 22, 25, 27?",
        "options": "",
        "correct_answer": "18"
    },
    {
        "subject": "Logical Reasoning",
        "level": "Intermediate (Grades 5–8)",
        "topics": "Number Series, Analogies, Direction Sense, Blood Relations, Puzzles",
        "question_number": 18,
        "question_text": "What is the next number in the series: 2, 5, 10, 17, ___?",
        "options": "",
        "correct_answer": "26"
    },
    {
        "subject": "Logical Reasoning",
        "level": "Intermediate (Grades 5–8)",
        "topics": "Number Series, Analogies, Direction Sense, Blood Relations, Puzzles",
        "question_number": 19,
        "question_text": "If a clock shows 4:00, what is the angle between the hour and minute hands?",
        "options": "",
        "correct_answer": "120°"
    },
    {
        "subject": "Logical Reasoning",
        "level": "Intermediate (Grades 5–8)",
        "topics": "Number Series, Analogies, Direction Sense, Blood Relations, Puzzles",
        "question_number": 20,
        "question_text": "How many months have 28 days?",
        "options": "",
        "correct_answer": "All"
    },
    {
        "subject": "Logical Reasoning",
        "level": "Intermediate (Grades 5–8)",
        "topics": "Number Series, Analogies, Direction Sense, Blood Relations, Puzzles",
        "question_number": 21,
        "question_text": "What is the word that means the opposite of 'arrive'?",
        "options": "",
        "correct_answer": "Depart"
    },
    {
        "subject": "Logical Reasoning",
        "level": "Intermediate (Grades 5–8)",
        "topics": "Number Series, Analogies, Direction Sense, Blood Relations, Puzzles",
        "question_number": 22,
        "question_text": "What is the square root of 144?",
        "options": "",
        "correct_answer": "12"
    },
    {
        "subject": "Logical Reasoning",
        "level": "Intermediate (Grades 5–8)",
        "topics": "Number Series, Analogies, Direction Sense, Blood Relations, Puzzles",
        "question_number": 23,
        "question_text": "Which of these is a prime number: 2, 4, 6, 9?",
        "options": "",
        "correct_answer": "2"
    },
    {
        "subject": "Logical Reasoning",
        "level": "Intermediate (Grades 5–8)",
        "topics": "Number Series, Analogies, Direction Sense, Blood Relations, Puzzles",
        "question_number": 24,
        "question_text": "What comes next: 3, 6, 12, 24, ___?",
        "options": "",
        "correct_answer": "48"
    },
    {
        "subject": "Logical Reasoning",
        "level": "Intermediate (Grades 5–8)",
        "topics": "Number Series, Analogies, Direction Sense, Blood Relations, Puzzles",
        "question_number": 25,
        "question_text": "What is the relation between uncle and niece?",
        "options": "",
        "correct_answer": "Blood"
    }
]
