[
  {
    "Subject": "Maths",
    "Level": "Intermediate (Grades 5-8)",
    "Topics": "Decimals, Fractions, LCM, HCF, Geometry, Algebra Basics, Data",
    "Question Number": 1,
    "Question Text": "Convert 3/4 to a decimal",
    "Correct Answer": 0.75
  },
  {
    "Subject": "Maths",
    "Level": "Intermediate (Grades 5-8)",
    "Topics": "Decimals, Fractions, LCM, HCF, Geometry, Algebra Basics, Data",
    "Question Number": 2,
    "Question Text": "Simplify: 12/16",
    "Correct Answer": "3/4."
  },
  {
    "Subject": "Maths",
    "Level": "Intermediate (Grades 5-8)",
    "Topics": "Decimals, Fractions, LCM, HCF, Geometry, Algebra Basics, Data",
    "Question Number": 3,
    "Question Text": "What is the LCM of 6 and 8?",
    "Correct Answer": 24
  },
  {
    "Subject": "Maths",
    "Level": "Intermediate (Grades 5-8)",
    "Topics": "Decimals, Fractions, LCM, HCF, Geometry, Algebra Basics, Data",
    "Question Number": 4,
    "Question Text": "Find the HCF of 12 and 18",
    "Correct Answer": 6
  },
  {
    "Subject": "Maths",
    "Level": "Intermediate (Grades 5-8)",
    "Topics": "Decimals, Fractions, LCM, HCF, Geometry, Algebra Basics, Data",
    "Question Number": 5,
    "Question Text": "Convert 0.25 to a fraction",
    "Correct Answer": "1/4."
  },
  {
    "Subject": "Maths",
    "Level": "Intermediate (Grades 5-8)",
    "Topics": "Decimals, Fractions, LCM, HCF, Geometry, Algebra Basics, Data",
    "Question Number": 6,
    "Question Text": "What is 20% of 200?",
    "Correct Answer": 40
  },
  {
    "Subject": "Maths",
    "Level": "Intermediate (Grades 5-8)",
    "Topics": "Decimals, Fractions, LCM, HCF, Geometry, Algebra Basics, Data",
    "Question Number": 7,
    "Question Text": "Solve: 3x = 15",
    "Correct Answer": 5
  },
  {
    "Subject": "Maths",
    "Level": "Intermediate (Grades 5-8)",
    "Topics": "Decimals, Fractions, LCM, HCF, Geometry, Algebra Basics, Data",
    "Question Number": 8,
    "Question Text": "What is the perimeter of a rectangle (l=5, b=3)?",
    "Correct Answer": 16
  },
  {
    "Subject": "Maths",
    "Level": "Intermediate (Grades 5-8)",
    "Topics": "Decimals, Fractions, LCM, HCF, Geometry, Algebra Basics, Data",
    "Question Number": 9,
    "Question Text": "Calculate the area of a square with side 6 cm",
    "Correct Answer": 36
  },
  {
    "Subject": "Maths",
    "Level": "Intermediate (Grades 5-8)",
    "Topics": "Decimals, Fractions, LCM, HCF, Geometry, Algebra Basics, Data",
    "Question Number": 10,
    "Question Text": "What is the average of 10 and 15, 20?",
    "Correct Answer": 15
  },
  {
    "Subject": "Maths",
    "Level": "Intermediate (Grades 5-8)",
    "Topics": "Decimals, Fractions, LCM, HCF, Geometry, Algebra Basics, Data",
    "Question Number": 11,
    "Question Text": "Find the missing angle in a triangle if two angles are 70° and 60°.",
    "Correct Answer": "50°"
  },
  {
    "Subject": "Maths",
    "Level": "Intermediate (Grades 5-8)",
    "Topics": "Decimals, Fractions, LCM, HCF, Geometry, Algebra Basics, Data",
    "Question Number": 12,
    "Question Text": "Arrange in ascending order: 0.5, 0.25, 0.75",
    "Correct Answer": "0.25, 0.5, 0.75"
  },
  {
    "Subject": "Maths",
    "Level": "Intermediate (Grades 5-8)",
    "Topics": "Decimals, Fractions, LCM, HCF, Geometry, Algebra Basics, Data",
    "Question Number": 13,
    "Question Text": "What is the value of π up to 2 decimal places?",
    "Correct Answer": 3.14
  },
  {
    "Subject": "Maths",
    "Level": "Intermediate (Grades 5-8)",
    "Topics": "Decimals, Fractions, LCM, HCF, Geometry, Algebra Basics, Data",
    "Question Number": 14,
    "Question Text": "Solve: 2x + 3 = 9",
    "Correct Answer": 3
  },
  {
    "Subject": "Maths",
    "Level": "Intermediate (Grades 5-8)",
    "Topics": "Decimals, Fractions, LCM, HCF, Geometry, Algebra Basics, Data",
    "Question Number": 15,
    "Question Text": "Express 3.45 as a mixed number",
    "Correct Answer": "3  9/20"
  },
  {
    "Subject": "Maths",
    "Level": "Intermediate (Grades 5-8)",
    "Topics": "Decimals, Fractions, LCM, HCF, Geometry, Algebra Basics, Data",
    "Question Number": 16,
    "Question Text": "Convert 2.5 km to meters",
    "Correct Answer": 2500
  },
  {
    "Subject": "Maths",
    "Level": "Intermediate (Grades 5-8)",
    "Topics": "Decimals, Fractions, LCM, HCF, Geometry, Algebra Basics, Data",
    "Question Number": 17,
    "Question Text": "What is the volume of a cube with side 4 cm?",
    "Correct Answer": "64 cm "
  },
  {
    "Subject": "Maths",
    "Level": "Intermediate (Grades 5-8)",
    "Topics": "Decimals, Fractions, LCM, HCF, Geometry, Algebra Basics, Data",
    "Question Number": 18,
    "Question Text": "How many lines of symmetry does a circle have?",
    "Correct Answer": "Infinite"
  },
  {
    "Subject": "Maths",
    "Level": "Intermediate (Grades 5-8)",
    "Topics": "Decimals, Fractions, LCM, HCF, Geometry, Algebra Basics, Data",
    "Question Number": 19,
    "Question Text": "Factorize: x  - 9",
    "Correct Answer": "(x + 3)(x - 3)"
  },
  {
    "Subject": "Maths",
    "Level": "Intermediate (Grades 5-8)",
    "Topics": "Decimals, Fractions, LCM, HCF, Geometry, Algebra Basics, Data",
    "Question Number": 20,
    "Question Text": "Write 81 as a power of 3",
    "Correct Answer": "3^4"
  },
  {
    "Subject": "Maths",
    "Level": "Intermediate (Grades 5-8)",
    "Topics": "Decimals, Fractions, LCM, HCF, Geometry, Algebra Basics, Data",
    "Question Number": 21,
    "Question Text": "Solve: 5(x - 2) = 10",
    "Correct Answer": "x = 4"
  },
  {
    "Subject": "Maths",
    "Level": "Intermediate (Grades 5-8)",
    "Topics": "Decimals, Fractions, LCM, HCF, Geometry, Algebra Basics, Data",
    "Question Number": 22,
    "Question Text": "What is 15% of 800?",
    "Correct Answer": 120
  },
  {
    "Subject": "Maths",
    "Level": "Intermediate (Grades 5-8)",
    "Topics": "Decimals, Fractions, LCM, HCF, Geometry, Algebra Basics, Data",
    "Question Number": 23,
    "Question Text": "Find the median of 3, 6, 7, 9, 10",
    "Correct Answer": 7
  },
  {
    "Subject": "Maths",
    "Level": "Intermediate (Grades 5-8)",
    "Topics": "Decimals, Fractions, LCM, HCF, Geometry, Algebra Basics, Data",
    "Question Number": 24,
    "Question Text": "If 6 pencils cost Rs18, what is the cost of 1 pencil?",
    "Correct Answer": "Rs3"
  }
]