[
  {
    "Subject": "Mathematics",
    "Level": "Beginner (Grades 1-4)",
    "Topics": "Numbers, Addition, Subtraction, Shapes, Patterns, Time",
    "QuestionNumber": 1,
    "QuestionText": "What comes after 89?",
    "CorrectAnswer": 90
  },
  {
    "Subject": "Mathematics",
    "Level": "Beginner (Grades 1-4)",
    "Topics": "Numbers, Addition, Subtraction, Shapes, Patterns, Time",
    "QuestionNumber": 2,
    "QuestionText": "Add: 12 + 7 =",
    "CorrectAnswer": 19
  },
  {
    "Subject": "Mathematics",
    "Level": "Beginner (Grades 1-4)",
    "Topics": "Numbers, Addition, Subtraction, Shapes, Patterns, Time",
    "QuestionNumber": 3,
    "QuestionText": "Subtract: 15 - 8 =",
    "CorrectAnswer": 7
  },
  {
    "Subject": "Mathematics",
    "Level": "Beginner (Grades 1-4)",
    "Topics": "Numbers, Addition, Subtraction, Shapes, Patterns, Time",
    "QuestionNumber": 4,
    "QuestionText": "Which number is greater: 45 or 54?",
    "CorrectAnswer": 54
  },
  {
    "Subject": "Mathematics",
    "Level": "Beginner (Grades 1-4)",
    "Topics": "Numbers, Addition, Subtraction, Shapes, Patterns, Time",
    "QuestionNumber": 5,
    "QuestionText": "What shape has 4 equal sides?",
    "CorrectAnswer": "Square"
  },
  {
    "Subject": "Mathematics",
    "Level": "Beginner (Grades 1-4)",
    "Topics": "Numbers, Addition, Subtraction, Shapes, Patterns, Time",
    "QuestionNumber": 6,
    "QuestionText": "Count backward from 30 to 20.",
    "CorrectAnswer": "30 29 28 27 26 25 24 23 22 21 20"
  },
  {
    "Subject": "Mathematics",
    "Level": "Beginner (Grades 1-4)",
    "Topics": "Numbers, Addition, Subtraction, Shapes, Patterns, Time",
    "QuestionNumber": 7,
    "QuestionText": "Which number is even: 7, 10 or 11",
    "CorrectAnswer": 10
  },
  {
    "Subject": "Mathematics",
    "Level": "Beginner (Grades 1-4)",
    "Topics": "Numbers, Addition, Subtraction, Shapes, Patterns, Time",
    "QuestionNumber": 8,
    "QuestionText": "Complete the pattern: 2, 4, 6, __, __",
    "CorrectAnswer": "8, 10"
  },
  {
    "Subject": "Mathematics",
    "Level": "Beginner (Grades 1-4)",
    "Topics": "Numbers, Addition, Subtraction, Shapes, Patterns, Time",
    "QuestionNumber": 9,
    "QuestionText": "What is the place value of 7 in 72?",
    "CorrectAnswer": "Tens"
  },
  {
    "Subject": "Mathematics",
    "Level": "Beginner (Grades 1-4)",
    "Topics": "Numbers, Addition, Subtraction, Shapes, Patterns, Time",
    "QuestionNumber": 10,
    "QuestionText": "How many sides does a triangle have?",
    "CorrectAnswer": 3
  },
  {
    "Subject": "Mathematics",
    "Level": "Beginner (Grades 1-4)",
    "Topics": "Numbers, Addition, Subtraction, Shapes, Patterns, Time",
    "QuestionNumber": 11,
    "QuestionText": "Add: 23 + 19 =",
    "CorrectAnswer": 42
  },
  {
    "Subject": "Mathematics",
    "Level": "Beginner (Grades 1-4)",
    "Topics": "Numbers, Addition, Subtraction, Shapes, Patterns, Time",
    "QuestionNumber": 12,
    "QuestionText": "What is half of 10?",
    "CorrectAnswer": 5
  },
  {
    "Subject": "Mathematics",
    "Level": "Beginner (Grades 1-4)",
    "Topics": "Numbers, Addition, Subtraction, Shapes, Patterns, Time",
    "QuestionNumber": 13,
    "QuestionText": "Write the number name: 48",
    "CorrectAnswer": "Forty-eight"
  },
  {
    "Subject": "Mathematics",
    "Level": "Beginner (Grades 1-4)",
    "Topics": "Numbers, Addition, Subtraction, Shapes, Patterns, Time",
    "QuestionNumber": 14,
    "QuestionText": "Circle the smallest number: 25, 52, 12, 5",
    "CorrectAnswer": 5
  },
  {
    "Subject": "Mathematics",
    "Level": "Beginner (Grades 1-4)",
    "Topics": "Numbers, Addition, Subtraction, Shapes, Patterns, Time",
    "QuestionNumber": 15,
    "QuestionText": "What is 10 more than 66?",
    "CorrectAnswer": 76
  },
  {
    "Subject": "Mathematics",
    "Level": "Beginner (Grades 1-4)",
    "Topics": "Numbers, Addition, Subtraction, Shapes, Patterns, Time",
    "QuestionNumber": 16,
    "QuestionText": "What coin makes 50 paise?",
    "CorrectAnswer": "50 paise coin"
  },
  {
    "Subject": "Mathematics",
    "Level": "Beginner (Grades 1-4)",
    "Topics": "Numbers, Addition, Subtraction, Shapes, Patterns, Time",
    "QuestionNumber": 17,
    "QuestionText": "Which day comes after Wednesday?",
    "CorrectAnswer": "Thursday"
  },
  {
    "Subject": "Mathematics",
    "Level": "Beginner (Grades 1-4)",
    "Topics": "Numbers, Addition, Subtraction, Shapes, Patterns, Time",
    "QuestionNumber": 18,
    "QuestionText": "Subtract: 100 - 45 =",
    "CorrectAnswer": 55
  },
  {
    "Subject": "Mathematics",
    "Level": "Beginner (Grades 1-4)",
    "Topics": "Numbers, Addition, Subtraction, Shapes, Patterns, Time",
    "QuestionNumber": 19,
    "QuestionText": "Fill in: 3 tens + 2 ones = __",
    "CorrectAnswer": 32
  },
  {
    "Subject": "Mathematics",
    "Level": "Beginner (Grades 1-4)",
    "Topics": "Numbers, Addition, Subtraction, Shapes, Patterns, Time",
    "QuestionNumber": 20,
    "QuestionText": "What comes between 99 and 101?",
    "CorrectAnswer": 100
  },
  {
    "Subject": "Mathematics",
    "Level": "Beginner (Grades 1-4)",
    "Topics": "Numbers, Addition, Subtraction, Shapes, Patterns, Time",
    "QuestionNumber": 21,
    "QuestionText": "How many hours are in a day?",
    "CorrectAnswer": 24
  },
  {
    "Subject": "Mathematics",
    "Level": "Beginner (Grades 1-4)",
    "Topics": "Numbers, Addition, Subtraction, Shapes, Patterns, Time",
    "QuestionNumber": 22,
    "QuestionText": "5 + __ = 9",
    "CorrectAnswer": 4
  },
  {
    "Subject": "Mathematics",
    "Level": "Beginner (Grades 1-4)",
    "Topics": "Numbers, Addition, Subtraction, Shapes, Patterns, Time",
    "QuestionNumber": 23,
    "QuestionText": "Draw a line of symmetry on a square.",
    "CorrectAnswer": "Through the center connecting opposite corners or midpoints"
  }
]