[
  {
    "Subject": "Maths",
    "Level": "Advanced (Grades 9-College)",
    "Topics": "Algebra, Trigonometry, Calculus Basics, Probability, Coordinate Geometry, Quadratic Equations, Statistics",
    "QuestionNumber": 1,
    "QuestionText": "Solve: 2x  + 3- 5 = 0",
    "CorrectAnswer": "x = 1",
    "": "x = -2.5"
  },
  {
    "Subject": "Maths",
    "Level": "Advanced (Grades 9-College)",
    "Topics": "Algebra, Trigonometry, Calculus Basics, Probability, Coordinate Geometry, Quadratic Equations, Statistics",
    "QuestionNumber": 2,
    "QuestionText": "Factor: x  -16",
    "CorrectAnswer": "(x + 4)(x - 4)",
    "": ""
  },
  {
    "Subject": "Maths",
    "Level": "Advanced (Grades 9-College)",
    "Topics": "Algebra, Trigonometry, Calculus Basics, Probability, Coordinate Geometry, Quadratic Equations, Statistics",
    "QuestionNumber": 3,
    "QuestionText": "Find the derivative of f(x) = x  + 3x",
    "CorrectAnswer": "2x + 3",
    "": ""
  },
  {
    "Subject": "Maths",
    "Level": "Advanced (Grades 9-College)",
    "Topics": "Algebra, Trigonometry, Calculus Basics, Probability, Coordinate Geometry, Quadratic Equations, Statistics",
    "QuestionNumber": 4,
    "QuestionText": "What is sin x + cos x equal to?",
    "CorrectAnswer": 1,
    "": ""
  },
  {
    "Subject": "Maths",
    "Level": "Advanced (Grades 9-College)",
    "Topics": "Algebra, Trigonometry, Calculus Basics, Probability, Coordinate Geometry, Quadratic Equations, Statistics",
    "QuestionNumber": 5,
    "QuestionText": "Find the slope of a line passing through (2, 3) and (4, 7)",
    "CorrectAnswer": "(7-3)/(4-2) = 2",
    "": ""
  },
  {
    "Subject": "Maths",
    "Level": "Advanced (Grades 9-College)",
    "Topics": "Algebra, Trigonometry, Calculus Basics, Probability, Coordinate Geometry, Quadratic Equations, Statistics",
    "QuestionNumber": 6,
    "QuestionText": "If A = {1, 2, 3} B ={3, 4}, Find A U B",
    "CorrectAnswer": "{1,2 ,3 ,4}",
    "": ""
  },
  {
    "Subject": "Maths",
    "Level": "Advanced (Grades 9-College)",
    "Topics": "Algebra, Trigonometry, Calculus Basics, Probability, Coordinate Geometry, Quadratic Equations, Statistics",
    "QuestionNumber": 7,
    "QuestionText": "What is the probability of getting a head when tossing a coin?",
    "CorrectAnswer": "1/2.",
    "": ""
  },
  {
    "Subject": "Maths",
    "Level": "Advanced (Grades 9-College)",
    "Topics": "Algebra, Trigonometry, Calculus Basics, Probability, Coordinate Geometry, Quadratic Equations, Statistics",
    "QuestionNumber": 8,
    "QuestionText": "Find the area under the curve y = x from x = 1 to x = 3",
    "CorrectAnswer": 4,
    "": ""
  },
  {
    "Subject": "Maths",
    "Level": "Advanced (Grades 9-College)",
    "Topics": "Algebra, Trigonometry, Calculus Basics, Probability, Coordinate Geometry, Quadratic Equations, Statistics",
    "QuestionNumber": 9,
    "QuestionText": "Find the mode of: 2, 4, 4, 5, 6",
    "CorrectAnswer": 4,
    "": ""
  },
  {
    "Subject": "Maths",
    "Level": "Advanced (Grades 9-College)",
    "Topics": "Algebra, Trigonometry, Calculus Basics, Probability, Coordinate Geometry, Quadratic Equations, Statistics",
    "QuestionNumber": 10,
    "QuestionText": "Solve for x: 5x-2 = 3x + 6",
    "CorrectAnswer": "x = 4",
    "": ""
  },
  {
    "Subject": "Maths",
    "Level": "Advanced (Grades 9-College)",
    "Topics": "Algebra, Trigonometry, Calculus Basics, Probability, Coordinate Geometry, Quadratic Equations, Statistics",
    "QuestionNumber": 11,
    "QuestionText": "Find the angle between the x-axis and the line y = 3x",
    "CorrectAnswer": "60 ",
    "": ""
  },
  {
    "Subject": "Maths",
    "Level": "Advanced (Grades 9-College)",
    "Topics": "Algebra, Trigonometry, Calculus Basics, Probability, Coordinate Geometry, Quadratic Equations, Statistics",
    "QuestionNumber": 12,
    "QuestionText": "What is the standard deviation of: 2, 4, 6?",
    "CorrectAnswer": 2,
    "": ""
  },
  {
    "Subject": "Maths",
    "Level": "Advanced (Grades 9-College)",
    "Topics": "Algebra, Trigonometry, Calculus Basics, Probability, Coordinate Geometry, Quadratic Equations, Statistics",
    "QuestionNumber": 13,
    "QuestionText": "What are the roots of x  + 6x + 9 = 0?",
    "CorrectAnswer": "x = -3",
    "": ""
  },
  {
    "Subject": "Maths",
    "Level": "Advanced (Grades 9-College)",
    "Topics": "Algebra, Trigonometry, Calculus Basics, Probability, Coordinate Geometry, Quadratic Equations, Statistics",
    "QuestionNumber": 14,
    "QuestionText": "What is the range of the function f(x) = 2x + 1?",
    "CorrectAnswer": "All real numbers",
    "": ""
  },
  {
    "Subject": "Maths",
    "Level": "Advanced (Grades 9-College)",
    "Topics": "Algebra, Trigonometry, Calculus Basics, Probability, Coordinate Geometry, Quadratic Equations, Statistics",
    "QuestionNumber": 15,
    "QuestionText": "Differentiate: f(x) = sin x",
    "CorrectAnswer": "cos x",
    "": ""
  },
  {
    "Subject": "Maths",
    "Level": "Advanced (Grades 9-College)",
    "Topics": "Algebra, Trigonometry, Calculus Basics, Probability, Coordinate Geometry, Quadratic Equations, Statistics",
    "QuestionNumber": 16,
    "QuestionText": "Find the equation of a circle with center (2, 3 and 3) and radius 4",
    "CorrectAnswer": "(x - 2)  + (y - 3)  = 16",
    "": ""
  },
  {
    "Subject": "Maths",
    "Level": "Advanced (Grades 9-College)",
    "Topics": "Algebra, Trigonometry, Calculus Basics, Probability, Coordinate Geometry, Quadratic Equations, Statistics",
    "QuestionNumber": 17,
    "QuestionText": "Solve: x   - 27 = 0",
    "CorrectAnswer": "x = 3",
    "": ""
  },
  {
    "Subject": "Maths",
    "Level": "Advanced (Grades 9-College)",
    "Topics": "Algebra, Trigonometry, Calculus Basics, Probability, Coordinate Geometry, Quadratic Equations, Statistics",
    "QuestionNumber": 18,
    "QuestionText": "A card is drawn from a deck. What is the probability it's a heart?",
    "CorrectAnswer": "1/4.",
    "": ""
  }
]