[
  {
    "Subject": "Science",
    "Level": "Beginner (Grades 1-4)",
    "Topics": "Plants, Animals, Senses, Human Body, Weather, Basic Materials",
    "QuestionNumber": 1,
    "QuestionText": "Which part of the plant makes food?",
    "CorrectAnswer": "Leaves"
  },
  {
    "Subject": "Science",
    "Level": "Beginner (Grades 1-4)",
    "Topics": "Plants, Animals, Senses, Human Body, Weather, Basic Materials",
    "QuestionNumber": 2,
    "QuestionText": "What do humans breathe in?",
    "CorrectAnswer": "Oxygen"
  },
  {
    "Subject": "Science",
    "Level": "Beginner (Grades 1-4)",
    "Topics": "Plants, Animals, Senses, Human Body, Weather, Basic Materials",
    "QuestionNumber": 3,
    "QuestionText": "Which organ helps you see?",
    "CorrectAnswer": "Eyes"
  },
  {
    "Subject": "Science",
    "Level": "Beginner (Grades 1-4)",
    "Topics": "Plants, Animals, Senses, Human Body, Weather, Basic Materials",
    "QuestionNumber": 4,
    "QuestionText": "What do you call animals that eat only plants?",
    "CorrectAnswer": "Herbivores"
  },
  {
    "Subject": "Science",
    "Level": "Beginner (Grades 1-4)",
    "Topics": "Plants, Animals, Senses, Human Body, Weather, Basic Materials",
    "QuestionNumber": 5,
    "QuestionText": "Which sense helps you taste food?",
    "CorrectAnswer": "Taste"
  },
  {
    "Subject": "Science",
    "Level": "Beginner (Grades 1-4)",
    "Topics": "Plants, Animals, Senses, Human Body, Weather, Basic Materials",
    "QuestionNumber": 6,
    "QuestionText": "The sun rises in the ___.",
    "CorrectAnswer": "East"
  },
  {
    "Subject": "Science",
    "Level": "Beginner (Grades 1-4)",
    "Topics": "Plants, Animals, Senses, Human Body, Weather, Basic Materials",
    "QuestionNumber": 7,
    "QuestionText": "Which gas do plants give us?",
    "CorrectAnswer": "Oxygen"
  },
  {
    "Subject": "Science",
    "Level": "Beginner (Grades 1-4)",
    "Topics": "Plants, Animals, Senses, Human Body, Weather, Basic Materials",
    "QuestionNumber": 8,
    "QuestionText": "What is the color of the sky on a sunny day?",
    "CorrectAnswer": "Blue"
  },
  {
    "Subject": "Science",
    "Level": "Beginner (Grades 1-4)",
    "Topics": "Plants, Animals, Senses, Human Body, Weather, Basic Materials",
    "QuestionNumber": 9,
    "QuestionText": "Name a living thing.",
    "CorrectAnswer": "Human"
  },
  {
    "Subject": "Science",
    "Level": "Beginner (Grades 1-4)",
    "Topics": "Plants, Animals, Senses, Human Body, Weather, Basic Materials",
    "QuestionNumber": 10,
    "QuestionText": "What do birds use to fly?",
    "CorrectAnswer": "Wings"
  },
  {
    "Subject": "Science",
    "Level": "Beginner (Grades 1-4)",
    "Topics": "Plants, Animals, Senses, Human Body, Weather, Basic Materials",
    "QuestionNumber": 11,
    "QuestionText": "Which part of the body pumps blood?",
    "CorrectAnswer": "Heart"
  },
  {
    "Subject": "Science",
    "Level": "Beginner (Grades 1-4)",
    "Topics": "Plants, Animals, Senses, Human Body, Weather, Basic Materials",
    "QuestionNumber": 12,
    "QuestionText": "What season comes after summer?",
    "CorrectAnswer": "Autumn"
  },
  {
    "Subject": "Science",
    "Level": "Beginner (Grades 1-4)",
    "Topics": "Plants, Animals, Senses, Human Body, Weather, Basic Materials",
    "QuestionNumber": 13,
    "QuestionText": "Name one object that sinks in water.",
    "CorrectAnswer": "Stone"
  },
  {
    "Subject": "Science",
    "Level": "Beginner (Grades 1-4)",
    "Topics": "Plants, Animals, Senses, Human Body, Weather, Basic Materials",
    "QuestionNumber": 14,
    "QuestionText": "Which animal gives us milk?",
    "CorrectAnswer": "Cow"
  },
  {
    "Subject": "Science",
    "Level": "Beginner (Grades 1-4)",
    "Topics": "Plants, Animals, Senses, Human Body, Weather, Basic Materials",
    "QuestionNumber": 15,
    "QuestionText": "What do we wear in winter to keep warm?",
    "CorrectAnswer": "Sweater"
  },
  {
    "Subject": "Science",
    "Level": "Beginner (Grades 1-4)",
    "Topics": "Plants, Animals, Senses, Human Body, Weather, Basic Materials",
    "QuestionNumber": 16,
    "QuestionText": "What is the largest planet in our solar system?",
    "CorrectAnswer": "Jupiter"
  },
  {
    "Subject": "Science",
    "Level": "Beginner (Grades 1-4)",
    "Topics": "Plants, Animals, Senses, Human Body, Weather, Basic Materials",
    "QuestionNumber": 17,
    "QuestionText": "Which part of the plant grows underground?",
    "CorrectAnswer": "Roots"
  },
  {
    "Subject": "Science",
    "Level": "Beginner (Grades 1-4)",
    "Topics": "Plants, Animals, Senses, Human Body, Weather, Basic Materials",
    "QuestionNumber": 18,
    "QuestionText": "What is water in its frozen form called?",
    "CorrectAnswer": "Ice"
  },
  {
    "Subject": "Science",
    "Level": "Beginner (Grades 1-4)",
    "Topics": "Plants, Animals, Senses, Human Body, Weather, Basic Materials",
    "QuestionNumber": 19,
    "QuestionText": "Which animal has a trunk?",
    "CorrectAnswer": "Elephant"
  },
  {
    "Subject": "Science",
    "Level": "Beginner (Grades 1-4)",
    "Topics": "Plants, Animals, Senses, Human Body, Weather, Basic Materials",
    "QuestionNumber": 20,
    "QuestionText": "Name a fruit that grows on trees.",
    "CorrectAnswer": "Mango"
  },
  {
    "Subject": "Science",
    "Level": "Beginner (Grades 1-4)",
    "Topics": "Plants, Animals, Senses, Human Body, Weather, Basic Materials",
    "QuestionNumber": 21,
    "QuestionText": "Which natural source gives us light and heat?",
    "CorrectAnswer": "Sun"
  },
  {
    "Subject": "Science",
    "Level": "Beginner (Grades 1-4)",
    "Topics": "Plants, Animals, Senses, Human Body, Weather, Basic Materials",
    "QuestionNumber": 22,
    "QuestionText": "What do bees make?",
    "CorrectAnswer": "Honey"
  },
  {
    "Subject": "Science",
    "Level": "Beginner (Grades 1-4)",
    "Topics": "Plants, Animals, Senses, Human Body, Weather, Basic Materials",
    "QuestionNumber": 23,
    "QuestionText": "Name one thing you can recycle.",
    "CorrectAnswer": "Paper"
  },
  {
    "Subject": "Science",
    "Level": "Beginner (Grades 1-4)",
    "Topics": "Plants, Animals, Senses, Human Body, Weather, Basic Materials",
    "QuestionNumber": 24,
    "QuestionText": "What do we use to smell?",
    "CorrectAnswer": "Nose"
  },
  {
    "Subject": "Science",
    "Level": "Beginner (Grades 1-4)",
    "Topics": "Plants, Animals, Senses, Human Body, Weather, Basic Materials",
    "QuestionNumber": 25,
    "QuestionText": "Which bird cannot fly?",
    "CorrectAnswer": "Ostrich"
  }
]