[
  {
    "Subject": "Science",
    "Level": "Advanced (Grades 9-College)",
    "Topics": "Genetics, Chemical Reactions, Physics, Biology, Environmental Science, Scientific Method",
    "QuestionNumber": 1,
    "QuestionText": "Define: Mitochondria",
    "CorrectAnswer": "Powerhouse of the cell"
  },
  {
    "Subject": "Science",
    "Level": "Advanced (Grades 9-College)",
    "Topics": "Genetics, Chemical Reactions, Physics, Biology, Environmental Science, Scientific Method",
    "QuestionNumber": 2,
    "QuestionText": "What is Newton's Second Law?",
    "CorrectAnswer": "Force = Mass   Acceleration"
  },
  {
    "Subject": "Science",
    "Level": "Advanced (Grades 9-College)",
    "Topics": "Genetics, Chemical Reactions, Physics, Biology, Environmental Science, Scientific Method",
    "QuestionNumber": 3,
    "QuestionText": "What is the pH value of pure water?",
    "CorrectAnswer": 7
  },
  {
    "Subject": "Science",
    "Level": "Advanced (Grades 9-College)",
    "Topics": "Genetics, Chemical Reactions, Physics, Biology, Environmental Science, Scientific Method",
    "QuestionNumber": 4,
    "QuestionText": "What are isotopes?",
    "CorrectAnswer": "Atoms with same protons but different neutrons"
  },
  {
    "Subject": "Science",
    "Level": "Advanced (Grades 9-College)",
    "Topics": "Genetics, Chemical Reactions, Physics, Biology, Environmental Science, Scientific Method",
    "QuestionNumber": 5,
    "QuestionText": "Write the balanced chemical equation for the reaction of hydrogen and oxygen to form water",
    "CorrectAnswer": "H2+O"
  },
  {
    "Subject": "Science",
    "Level": "Advanced (Grades 9-College)",
    "Topics": "Genetics, Chemical Reactions, Physics, Biology, Environmental Science, Scientific Method",
    "QuestionNumber": 6,
    "QuestionText": "What is DNA made of?",
    "CorrectAnswer": "Nucleotides"
  },
  {
    "Subject": "Science",
    "Level": "Advanced (Grades 9-College)",
    "Topics": "Genetics, Chemical Reactions, Physics, Biology, Environmental Science, Scientific Method",
    "QuestionNumber": 7,
    "QuestionText": "Define: Ohm's Law",
    "CorrectAnswer": "V = IR"
  },
  {
    "Subject": "Science",
    "Level": "Advanced (Grades 9-College)",
    "Topics": "Genetics, Chemical Reactions, Physics, Biology, Environmental Science, Scientific Method",
    "QuestionNumber": 8,
    "QuestionText": "What is the function of ribosomes?",
    "CorrectAnswer": "Protein synthesis"
  },
  {
    "Subject": "Science",
    "Level": "Advanced (Grades 9-College)",
    "Topics": "Genetics, Chemical Reactions, Physics, Biology, Environmental Science, Scientific Method",
    "QuestionNumber": 9,
    "QuestionText": "What is the difference between mitosis and meiosis?",
    "CorrectAnswer": "Mitosis - identical cells; Meiosis - genetic variation"
  },
  {
    "Subject": "Science",
    "Level": "Advanced (Grades 9-College)",
    "Topics": "Genetics, Chemical Reactions, Physics, Biology, Environmental Science, Scientific Method",
    "QuestionNumber": 10,
    "QuestionText": "What is the formula for calculating work?",
    "CorrectAnswer": "Work = Force × Distance"
  },
  {
    "Subject": "Science",
    "Level": "Advanced (Grades 9-College)",
    "Topics": "Genetics, Chemical Reactions, Physics, Biology, Environmental Science, Scientific Method",
    "QuestionNumber": 11,
    "QuestionText": "Define: Ecosystem and give one example.",
    "CorrectAnswer": "A community of organisms and their environment; e.g. forest"
  },
  {
    "Subject": "Science",
    "Level": "Advanced (Grades 9-College)",
    "Topics": "Genetics, Chemical Reactions, Physics, Biology, Environmental Science, Scientific Method",
    "QuestionNumber": 12,
    "QuestionText": "What is an exothermic reaction?",
    "CorrectAnswer": "Reaction that releases heat"
  },
  {
    "Subject": "Science",
    "Level": "Advanced (Grades 9-College)",
    "Topics": "Genetics, Chemical Reactions, Physics, Biology, Environmental Science, Scientific Method",
    "QuestionNumber": 13,
    "QuestionText": "What are the 3 laws of thermodynamics?",
    "CorrectAnswer": "Law of Energy Conservation, Entropy, Absolute Zero"
  },
  {
    "Subject": "Science",
    "Level": "Advanced (Grades 9-College)",
    "Topics": "Genetics, Chemical Reactions, Physics, Biology, Environmental Science, Scientific Method",
    "QuestionNumber": 14,
    "QuestionText": "State the law of conservation of mass.",
    "CorrectAnswer": "Mass is neither created nor destroyed"
  },
  {
    "Subject": "Science",
    "Level": "Advanced (Grades 9-College)",
    "Topics": "Genetics, Chemical Reactions, Physics, Biology, Environmental Science, Scientific Method",
    "QuestionNumber": 15,
    "QuestionText": "What is a covalent bond?",
    "CorrectAnswer": "Bond formed by sharing electrons"
  },
  {
    "Subject": "Science",
    "Level": "Advanced (Grades 9-College)",
    "Topics": "Genetics, Chemical Reactions, Physics, Biology, Environmental Science, Scientific Method",
    "QuestionNumber": 16,
    "QuestionText": "Define: Entropy",
    "CorrectAnswer": "Measure of disorder in a system"
  },
  {
    "Subject": "Science",
    "Level": "Advanced (Grades 9-College)",
    "Topics": "Genetics, Chemical Reactions, Physics, Biology, Environmental Science, Scientific Method",
    "QuestionNumber": 17,
    "QuestionText": "What is the role of chlorophyll in plants?",
    "CorrectAnswer": "Absorbs light for photosynthesis"
  },
  {
    "Subject": "Science",
    "Level": "Advanced (Grades 9-College)",
    "Topics": "Genetics, Chemical Reactions, Physics, Biology, Environmental Science, Scientific Method",
    "QuestionNumber": 18,
    "QuestionText": "What is genetic inheritance?",
    "CorrectAnswer": "Passing traits from parents to offspring"
  },
  {
    "Subject": "Science",
    "Level": "Advanced (Grades 9-College)",
    "Topics": "Genetics, Chemical Reactions, Physics, Biology, Environmental Science, Scientific Method",
    "QuestionNumber": 19,
    "QuestionText": "What causes tides on Earth?",
    "CorrectAnswer": "Gravitational pull of the moon and sun"
  },
  {
    "Subject": "Science",
    "Level": "Advanced (Grades 9-College)",
    "Topics": "Genetics, Chemical Reactions, Physics, Biology, Environmental Science, Scientific Method",
    "QuestionNumber": 20,
    "QuestionText": "Explain the greenhouse effect.",
    "CorrectAnswer": "Trapping of heat by atmospheric gases"
  },
  {
    "Subject": "Science",
    "Level": "Advanced (Grades 9-College)",
    "Topics": "Genetics, Chemical Reactions, Physics, Biology, Environmental Science, Scientific Method",
    "QuestionNumber": 21,
    "QuestionText": "What is the SI unit of force?",
    "CorrectAnswer": "Newton"
  },
  {
    "Subject": "Science",
    "Level": "Advanced (Grades 9-College)",
    "Topics": "Genetics, Chemical Reactions, Physics, Biology, Environmental Science, Scientific Method",
    "QuestionNumber": 22,
    "QuestionText": "Name one vector quantity and one scalar quantity.",
    "CorrectAnswer": "Velocity (vector)  Speed (scalar)"
  },
  {
    "Subject": "Science",
    "Level": "Advanced (Grades 9-College)",
    "Topics": "Genetics, Chemical Reactions, Physics, Biology, Environmental Science, Scientific Method",
    "QuestionNumber": 23,
    "QuestionText": "What are the ethical issues surrounding genetic cloning?",
    "CorrectAnswer": "Concerns about identity,  consent and genetic diversity"
  }
]