[
  {
    "Subject": "Science",
    "Level": "Intermediate (Grades 5-8)",
    "Topics": "Food Chain, Force, Electricity, States of Matter, Ecosystems, Human Organs",
    "QuestionNumber": 1,
    "QuestionText": "What is the main source of energy in a food chain?",
    "CorrectAnswer": "Sun"
  },
  {
    "Subject": "Science",
    "Level": "Intermediate (Grades 5-8)",
    "Topics": "Food Chain, Force, Electricity, States of Matter, Ecosystems, Human Organs",
    "QuestionNumber": 2,
    "QuestionText": "Which force pulls objects toward the Earth?",
    "CorrectAnswer": "Gravity"
  },
  {
    "Subject": "Science",
    "Level": "Intermediate (Grades 5-8)",
    "Topics": "Food Chain, Force, Electricity, States of Matter, Ecosystems, Human Organs",
    "QuestionNumber": 3,
    "QuestionText": "What are the three states of matter?",
    "CorrectAnswer": "Solid, Liquid, Gas"
  },
  {
    "Subject": "Science",
    "Level": "Intermediate (Grades 5-8)",
    "Topics": "Food Chain, Force, Electricity, States of Matter, Ecosystems, Human Organs",
    "QuestionNumber": 4,
    "QuestionText": "What is the function of the heart?",
    "CorrectAnswer": "Pumps blood"
  },
  {
    "Subject": "Science",
    "Level": "Intermediate (Grades 5-8)",
    "Topics": "Food Chain, Force, Electricity, States of Matter, Ecosystems, Human Organs",
    "QuestionNumber": 5,
    "QuestionText": "Define: Evaporation",
    "CorrectAnswer": "The process of a liquid turning into vapor"
  },
  {
    "Subject": "Science",
    "Level": "Intermediate (Grades 5-8)",
    "Topics": "Food Chain, Force, Electricity, States of Matter, Ecosystems, Human Organs",
    "QuestionNumber": 6,
    "QuestionText": "Which part of the plant absorbs water?",
    "CorrectAnswer": "Roots"
  },
  {
    "Subject": "Science",
    "Level": "Intermediate (Grades 5-8)",
    "Topics": "Food Chain, Force, Electricity, States of Matter, Ecosystems, Human Organs",
    "QuestionNumber": 7,
    "QuestionText": "What is the symbol for water?",
    "CorrectAnswer": "H2O"
  },
  {
    "Subject": "Science",
    "Level": "Intermediate (Grades 5-8)",
    "Topics": "Food Chain, Force, Electricity, States of Matter, Ecosystems, Human Organs",
    "QuestionNumber": 8,
    "QuestionText": "What are conductors of electricity? Give one example.",
    "CorrectAnswer": "copper"
  },
  {
    "Subject": "Science",
    "Level": "Intermediate (Grades 5-8)",
    "Topics": "Food Chain, Force, Electricity, States of Matter, Ecosystems, Human Organs",
    "QuestionNumber": 9,
    "QuestionText": "What is the difference between herbivores and carnivores?",
    "CorrectAnswer": "Herbivores eat plants; carnivores eat meat"
  },
  {
    "Subject": "Science",
    "Level": "Intermediate (Grades 5-8)",
    "Topics": "Food Chain, Force, Electricity, States of Matter, Ecosystems, Human Organs",
    "QuestionNumber": 10,
    "QuestionText": "Name one renewable source of energy.",
    "CorrectAnswer": "Solar energy"
  },
  {
    "Subject": "Science",
    "Level": "Intermediate (Grades 5-8)",
    "Topics": "Food Chain, Force, Electricity, States of Matter, Ecosystems, Human Organs",
    "QuestionNumber": 11,
    "QuestionText": "What do we call the change from solid to liquid?",
    "CorrectAnswer": "Melting"
  },
  {
    "Subject": "Science",
    "Level": "Intermediate (Grades 5-8)",
    "Topics": "Food Chain, Force, Electricity, States of Matter, Ecosystems, Human Organs",
    "QuestionNumber": 12,
    "QuestionText": "Why do we see lightning before we hear thunder?",
    "CorrectAnswer": "Because light travels faster than sound"
  },
  {
    "Subject": "Science",
    "Level": "Intermediate (Grades 5-8)",
    "Topics": "Food Chain, Force, Electricity, States of Matter, Ecosystems, Human Organs",
    "QuestionNumber": 13,
    "QuestionText": "Which organ helps filter blood in the human body?",
    "CorrectAnswer": "Kidney"
  },
  {
    "Subject": "Science",
    "Level": "Intermediate (Grades 5-8)",
    "Topics": "Food Chain, Force, Electricity, States of Matter, Ecosystems, Human Organs",
    "QuestionNumber": 14,
    "QuestionText": "Name one non-metal used in daily life.",
    "CorrectAnswer": "Carbon"
  },
  {
    "Subject": "Science",
    "Level": "Intermediate (Grades 5-8)",
    "Topics": "Food Chain, Force, Electricity, States of Matter, Ecosystems, Human Organs",
    "QuestionNumber": 15,
    "QuestionText": "What is a balanced diet?",
    "CorrectAnswer": "A diet that includes all nutrients in proper amounts"
  },
  {
    "Subject": "Science",
    "Level": "Intermediate (Grades 5-8)",
    "Topics": "Food Chain, Force, Electricity, States of Matter, Ecosystems, Human Organs",
    "QuestionNumber": 16,
    "QuestionText": "What happens to light when it hits a mirror?",
    "CorrectAnswer": "It reflects"
  },
  {
    "Subject": "Science",
    "Level": "Intermediate (Grades 5-8)",
    "Topics": "Food Chain, Force, Electricity, States of Matter, Ecosystems, Human Organs",
    "QuestionNumber": 17,
    "QuestionText": "Which planet is known as the Red Planet?",
    "CorrectAnswer": "Mars"
  },
  {
    "Subject": "Science",
    "Level": "Intermediate (Grades 5-8)",
    "Topics": "Food Chain, Force, Electricity, States of Matter, Ecosystems, Human Organs",
    "QuestionNumber": 18,
    "QuestionText": "Name the gas used in photosynthesis.",
    "CorrectAnswer": "Carbon dioxide"
  },
  {
    "Subject": "Science",
    "Level": "Intermediate (Grades 5-8)",
    "Topics": "Food Chain, Force, Electricity, States of Matter, Ecosystems, Human Organs",
    "QuestionNumber": 19,
    "QuestionText": "What is a habitat?",
    "CorrectAnswer": "The natural home of an organism"
  },
  {
    "Subject": "Science",
    "Level": "Intermediate (Grades 5-8)",
    "Topics": "Food Chain, Force, Electricity, States of Matter, Ecosystems, Human Organs",
    "QuestionNumber": 20,
    "QuestionText": "What is the boiling point of water in °C?",
    "CorrectAnswer": 100
  },
  {
    "Subject": "Science",
    "Level": "Intermediate (Grades 5-8)",
    "Topics": "Food Chain, Force, Electricity, States of Matter, Ecosystems, Human Organs",
    "QuestionNumber": 21,
    "QuestionText": "What is friction?",
    "CorrectAnswer": "A force that opposes motion"
  },
  {
    "Subject": "Science",
    "Level": "Intermediate (Grades 5-8)",
    "Topics": "Food Chain, Force, Electricity, States of Matter, Ecosystems, Human Organs",
    "QuestionNumber": 22,
    "QuestionText": "Define: Circuit",
    "CorrectAnswer": "A path through which electricity flows"
  },
  {
    "Subject": "Science",
    "Level": "Intermediate (Grades 5-8)",
    "Topics": "Food Chain, Force, Electricity, States of Matter, Ecosystems, Human Organs",
    "QuestionNumber": 23,
    "QuestionText": "What causes day and night?",
    "CorrectAnswer": "Earth's rotation"
  },
  {
    "Subject": "Science",
    "Level": "Intermediate (Grades 5-8)",
    "Topics": "Food Chain, Force, Electricity, States of Matter, Ecosystems, Human Organs",
    "QuestionNumber": 24,
    "QuestionText": "What is the skeletal system?",
    "CorrectAnswer": "The framework of bones supporting the body"
  },
  {
    "Subject": "Science",
    "Level": "Intermediate (Grades 5-8)",
    "Topics": "Food Chain, Force, Electricity, States of Matter, Ecosystems, Human Organs",
    "QuestionNumber": 25,
    "QuestionText": "What are the components of soil?",
    "CorrectAnswer": "Sand, clay, slit, humus and minerals"
  }
]